key,hero,slot,size,out_png,icon_path,prompt_t2i,prompt_zh
hero_huoqiang,火枪,emblem,256,hero_huoqiang.png,textures/heros/huoqiang,"This is a hero portrait emblem: it shows only the head and shoulders of a single character, treated as a bold heraldic badge rather than as an illustration, and no background scene, no ground and no environment of any kind is included. The head is large and occupies most of the emblem, presented front-on or in a clear three-quarter turn and unmistakably built like a real head with a brow, eyes and a jaw, while the shoulders and the shapes arranged behind them fill out the rest of the square. A squat, sharp-eyed marksman of the swamps, shown from the chest up and turned three-quarters toward the viewer's left, with his head large and sitting low between hunched shoulders. He wears a wide-brimmed jungle hat whose long ragged feather sweeps up and back off its left side, and a band around the crown is picked out by two narrow cut-out slits. Big round gunner's goggles are pushed up onto the brim, their two round lenses cut out as completely empty circles joined by a short strap. His face is broad and pugnacious and reads clearly as a face: a heavy square jaw, a wide flat nose, one large tufted eyebrow over each eye, small deep-set eyes cut out as blunt wedges, and a wide mouth with two short tusks breaking its line. A long-barrelled rifle crosses his body from lower left to upper right, its thick barrel and flared muzzle dominating the right side of the picture, with a small scope block, a trigger and a curved trigger guard cut out as clean gaps. A bandolier of stubby cartridges slants across his chest, each cartridge a separate small rounded slot cut through the strap. The picture is a flat single-colour emblem made in the manner of a paper cut-out or a spray-paint stencil. Every part of the subject is filled with one uniform white tone, so the whole figure reads as one connected white shape, and the whole of its detail — the eyes, the mouth, the folds of cloth, the gaps between limbs and weapons, the openings in armour — is expressed purely as holes cut clean through that shape rather than as drawn lines. The subject is richly detailed, and that detail stays legible because every hole is given a clear open shape of its own: the emblem reads as a bold, confident piece of graphic design rather than as a vague blob or a stripped-down logo. There is exactly one white tone in the whole subject: the shape carries no second shade, no outline in another colour, no shading inside its masses and no surface pattern of any kind. Light and shadow play no part in the picture at all: because the whole subject is one flat white tone, every part of the shape is equally bright, from its outermost edge to its innermost gap. The emblem is built to be recognised instantly at the size of a small square badge: the head and its identifying features — the shape of the hat or hood, the weapons, the distinctive outline — stay unmistakable at a single glance. The overall silhouette fills the square frame evenly, its total width and its total height coming out very nearly equal, with simple angular masses arranged around the subject to square the shape off like the backing plate of a heraldic badge. The emblem sits alone on a completely plain uniform field of one solid deep slate grey that covers the entire frame edge to edge, the same tone everywhere, and that field is left completely empty with nothing else drawn upon it, so the white shape and the grey field are the only two things in the picture and they meet along one clean crisp edge. The subject is centred in a square frame with generous even margins all round, the full shape sitting well inside the edges, and the picture is calm, simple and easy to read at a glance.",火枪（Sniper）· 英雄头像徽记：纯白单色白描，主体是「白色实心色块 + 内部细节挖空」，无第二个颜色、无描边、无渐变、无材质；深板岩灰纯色承载底（出图后本地抠掉）；正方形居中，四周留白充足。
skill_huoqiang,火枪,icon,64,skill_huoqiang.png,textures/skills/huoqiang_skill,"This is a skill icon: it shows a single object or symbol treated as a bold graphic sign rather than as an illustration, and no character and no background scene of any kind is included. A single heavy rifle cartridge, laid diagonally from lower left to upper right and filling most of the square. It is a blunt-nosed bullet with a rounded ogive tip, a straight cylindrical case with two crisp parallel groove lines cut across its base end, and a wide rim flange at the bottom, and the whole object is seen flat from the side with no perspective distortion. Behind it, a simple circular reticle ring sits centred on the square with four short tick marks at the cardinal points and one fine crosshair bar crossing the ring horizontally, the ring sitting well inside the square's edges. The picture is a flat single-colour emblem made in the manner of a paper cut-out or a spray-paint stencil. Every part of the subject is filled with one uniform white tone, so the whole figure reads as one connected white shape, and the whole of its detail — the eyes, the mouth, the folds of cloth, the gaps between limbs and weapons, the openings in armour — is expressed purely as holes cut clean through that shape rather than as drawn lines. The subject is richly detailed, and that detail stays legible because every hole is given a clear open shape of its own: the emblem reads as a bold, confident piece of graphic design rather than as a vague blob or a stripped-down logo. There is exactly one white tone in the whole subject: the shape carries no second shade, no outline in another colour, no shading inside its masses and no surface pattern of any kind. Light and shadow play no part in the picture at all: because the whole subject is one flat white tone, every part of the shape is equally bright, from its outermost edge to its innermost gap. The emblem is built to be recognised instantly at the size of a small square badge: the head and its identifying features — the shape of the hat or hood, the weapons, the distinctive outline — stay unmistakable at a single glance. The overall silhouette fills the square frame evenly, its total width and its total height coming out very nearly equal, with simple angular masses arranged around the subject to square the shape off like the backing plate of a heraldic badge. The emblem sits alone on a completely plain uniform field of one solid deep slate grey that covers the entire frame edge to edge, the same tone everywhere, and that field is left completely empty with nothing else drawn upon it, so the white shape and the grey field are the only two things in the picture and they meet along one clean crisp edge. The subject is centred in a square frame with generous even margins all round, the full shape sitting well inside the edges, and the picture is calm, simple and easy to read at a glance.",火枪（Sniper）· 技能图标：纯白单色白描，主体是「白色实心色块 + 内部细节挖空」，无第二个颜色、无描边、无渐变、无材质；深板岩灰纯色承载底（出图后本地抠掉）；正方形居中，四周留白充足。
hero_shangjin,赏金猎人,emblem,256,hero_shangjin.png,textures/heros/shangjin,"This is a hero portrait emblem: it shows only the head and shoulders of a single character, treated as a bold heraldic badge rather than as an illustration, and no background scene, no ground and no environment of any kind is included. The head is large and occupies most of the emblem, presented front-on or in a clear three-quarter turn and unmistakably built like a real head with a brow, eyes and a jaw, while the shoulders and the shapes arranged behind them fill out the rest of the square. A masked bounty hunter's head and shoulders, facing straight forward and perfectly symmetrical about the vertical centre line. The face is completely hidden behind a tall angular mask whose lower half narrows into a pointed chin, and two narrow slit eye holes are cut out as sharp horizontal wedges above a small vertical nose ridge. A pointed hood sits over the mask, and on each side of the head three long tapered spikes fan out and slightly downward, giving the head a star-like spiked outline. A high collar rises behind the jaw. Below the mask, a short cloak's clasp and the top edge of a crossed strap are cut out as two clean slashes. The picture is a flat single-colour emblem made in the manner of a paper cut-out or a spray-paint stencil. Every part of the subject is filled with one uniform white tone, so the whole figure reads as one connected white shape, and the whole of its detail — the eyes, the mouth, the folds of cloth, the gaps between limbs and weapons, the openings in armour — is expressed purely as holes cut clean through that shape rather than as drawn lines. The subject is richly detailed, and that detail stays legible because every hole is given a clear open shape of its own: the emblem reads as a bold, confident piece of graphic design rather than as a vague blob or a stripped-down logo. There is exactly one white tone in the whole subject: the shape carries no second shade, no outline in another colour, no shading inside its masses and no surface pattern of any kind. Light and shadow play no part in the picture at all: because the whole subject is one flat white tone, every part of the shape is equally bright, from its outermost edge to its innermost gap. The emblem is built to be recognised instantly at the size of a small square badge: the head and its identifying features — the shape of the hat or hood, the weapons, the distinctive outline — stay unmistakable at a single glance. The overall silhouette fills the square frame evenly, its total width and its total height coming out very nearly equal, with simple angular masses arranged around the subject to square the shape off like the backing plate of a heraldic badge. The emblem sits alone on a completely plain uniform field of one solid deep slate grey that covers the entire frame edge to edge, the same tone everywhere, and that field is left completely empty with nothing else drawn upon it, so the white shape and the grey field are the only two things in the picture and they meet along one clean crisp edge. The subject is centred in a square frame with generous even margins all round, the full shape sitting well inside the edges, and the picture is calm, simple and easy to read at a glance.",赏金猎人（Bounty Hunter）· 英雄头像徽记：纯白单色白描，主体是「白色实心色块 + 内部细节挖空」，无第二个颜色、无描边、无渐变、无材质；深板岩灰纯色承载底（出图后本地抠掉）；正方形居中，四周留白充足。
skill_shangjin,赏金猎人,icon,64,skill_shangjin.png,textures/skills/shangjin_skill,"This is a skill icon: it shows a single object or symbol treated as a bold graphic sign rather than as an illustration, and no character and no background scene of any kind is included. A round money pouch drawn head-on, with a cinched neck tied by a short cord whose two loose ends curl out to either side, and a small knot cut out at the centre of the cinch. A curved slashing blade lies diagonally behind the pouch from lower left to upper right, its hooked tip rising above the pouch's shoulder, and three short motion ticks trail off the blade's edge. A single small coin is cut out as an empty circle in the middle of the pouch's belly. The picture is a flat single-colour emblem made in the manner of a paper cut-out or a spray-paint stencil. Every part of the subject is filled with one uniform white tone, so the whole figure reads as one connected white shape, and the whole of its detail — the eyes, the mouth, the folds of cloth, the gaps between limbs and weapons, the openings in armour — is expressed purely as holes cut clean through that shape rather than as drawn lines. The subject is richly detailed, and that detail stays legible because every hole is given a clear open shape of its own: the emblem reads as a bold, confident piece of graphic design rather than as a vague blob or a stripped-down logo. There is exactly one white tone in the whole subject: the shape carries no second shade, no outline in another colour, no shading inside its masses and no surface pattern of any kind. Light and shadow play no part in the picture at all: because the whole subject is one flat white tone, every part of the shape is equally bright, from its outermost edge to its innermost gap. The emblem is built to be recognised instantly at the size of a small square badge: the head and its identifying features — the shape of the hat or hood, the weapons, the distinctive outline — stay unmistakable at a single glance. The overall silhouette fills the square frame evenly, its total width and its total height coming out very nearly equal, with simple angular masses arranged around the subject to square the shape off like the backing plate of a heraldic badge. The emblem sits alone on a completely plain uniform field of one solid deep slate grey that covers the entire frame edge to edge, the same tone everywhere, and that field is left completely empty with nothing else drawn upon it, so the white shape and the grey field are the only two things in the picture and they meet along one clean crisp edge. The subject is centred in a square frame with generous even margins all round, the full shape sitting well inside the edges, and the picture is calm, simple and easy to read at a glance.",赏金猎人（Bounty Hunter）· 技能图标：纯白单色白描，主体是「白色实心色块 + 内部细节挖空」，无第二个颜色、无描边、无渐变、无材质；深板岩灰纯色承载底（出图后本地抠掉）；正方形居中，四周留白充足。
hero_zhousi,宙斯,emblem,256,hero_zhousi.png,textures/heros/zhousi,"This is a hero portrait emblem: it shows only the head and shoulders of a single character, treated as a bold heraldic badge rather than as an illustration, and no background scene, no ground and no environment of any kind is included. The head is large and occupies most of the emblem, presented front-on or in a clear three-quarter turn and unmistakably built like a real head with a brow, eyes and a jaw, while the shoulders and the shapes arranged behind them fill out the rest of the square. A stern storm god's head in three-quarter view, turned toward the viewer's right, framed by a jagged lightning-bolt backdrop that flashes out behind his shoulders as three sharp zigzag blades. He has a long heavy beard that falls in thick wedge-shaped locks to the bottom of the picture, a strong brow, and a crown of short blunt spikes ringing the top of his skull. One eye is narrowed under a heavy lid. His left arm is raised with the hand closed, and a forked bolt is cut out of the empty space between his fingers and his shoulder, so the electricity reads as a clean angular gap rather than a drawn line. The picture is a flat single-colour emblem made in the manner of a paper cut-out or a spray-paint stencil. Every part of the subject is filled with one uniform white tone, so the whole figure reads as one connected white shape, and the whole of its detail — the eyes, the mouth, the folds of cloth, the gaps between limbs and weapons, the openings in armour — is expressed purely as holes cut clean through that shape rather than as drawn lines. The subject is richly detailed, and that detail stays legible because every hole is given a clear open shape of its own: the emblem reads as a bold, confident piece of graphic design rather than as a vague blob or a stripped-down logo. There is exactly one white tone in the whole subject: the shape carries no second shade, no outline in another colour, no shading inside its masses and no surface pattern of any kind. Light and shadow play no part in the picture at all: because the whole subject is one flat white tone, every part of the shape is equally bright, from its outermost edge to its innermost gap. The emblem is built to be recognised instantly at the size of a small square badge: the head and its identifying features — the shape of the hat or hood, the weapons, the distinctive outline — stay unmistakable at a single glance. The overall silhouette fills the square frame evenly, its total width and its total height coming out very nearly equal, with simple angular masses arranged around the subject to square the shape off like the backing plate of a heraldic badge. The emblem sits alone on a completely plain uniform field of one solid deep slate grey that covers the entire frame edge to edge, the same tone everywhere, and that field is left completely empty with nothing else drawn upon it, so the white shape and the grey field are the only two things in the picture and they meet along one clean crisp edge. The subject is centred in a square frame with generous even margins all round, the full shape sitting well inside the edges, and the picture is calm, simple and easy to read at a glance.",宙斯（Zeus）· 英雄头像徽记：纯白单色白描，主体是「白色实心色块 + 内部细节挖空」，无第二个颜色、无描边、无渐变、无材质；深板岩灰纯色承载底（出图后本地抠掉）；正方形居中，四周留白充足。
skill_zhousi,宙斯,icon,64,skill_zhousi.png,textures/skills/zhousi_skill,"This is a skill icon: it shows a single object or symbol treated as a bold graphic sign rather than as an illustration, and no character and no background scene of any kind is included. A compact ball of storm energy sitting in the centre of the square: a rough sphere whose surface is broken by four angular zigzag cracks, each crack cut out as a clean sharp wedge so the ball reads as segmented. Three short forked bolts radiate outward from the ball at the upper left, upper right and lower right, each bolt a slim angular zigzag with square-cut ends, and a thin broken arc rings the ball without touching it. The picture is a flat single-colour emblem made in the manner of a paper cut-out or a spray-paint stencil. Every part of the subject is filled with one uniform white tone, so the whole figure reads as one connected white shape, and the whole of its detail — the eyes, the mouth, the folds of cloth, the gaps between limbs and weapons, the openings in armour — is expressed purely as holes cut clean through that shape rather than as drawn lines. The subject is richly detailed, and that detail stays legible because every hole is given a clear open shape of its own: the emblem reads as a bold, confident piece of graphic design rather than as a vague blob or a stripped-down logo. There is exactly one white tone in the whole subject: the shape carries no second shade, no outline in another colour, no shading inside its masses and no surface pattern of any kind. Light and shadow play no part in the picture at all: because the whole subject is one flat white tone, every part of the shape is equally bright, from its outermost edge to its innermost gap. The emblem is built to be recognised instantly at the size of a small square badge: the head and its identifying features — the shape of the hat or hood, the weapons, the distinctive outline — stay unmistakable at a single glance. The overall silhouette fills the square frame evenly, its total width and its total height coming out very nearly equal, with simple angular masses arranged around the subject to square the shape off like the backing plate of a heraldic badge. The emblem sits alone on a completely plain uniform field of one solid deep slate grey that covers the entire frame edge to edge, the same tone everywhere, and that field is left completely empty with nothing else drawn upon it, so the white shape and the grey field are the only two things in the picture and they meet along one clean crisp edge. The subject is centred in a square frame with generous even margins all round, the full shape sitting well inside the edges, and the picture is calm, simple and easy to read at a glance.",宙斯（Zeus）· 技能图标：纯白单色白描，主体是「白色实心色块 + 内部细节挖空」，无第二个颜色、无描边、无渐变、无材质；深板岩灰纯色承载底（出图后本地抠掉）；正方形居中，四周留白充足。
hero_fuwang,斧王,emblem,256,hero_fuwang.png,textures/heros/fuwang,"This is a hero portrait emblem: it shows only the head and shoulders of a single character, treated as a bold heraldic badge rather than as an illustration, and no background scene, no ground and no environment of any kind is included. The head is large and occupies most of the emblem, presented front-on or in a clear three-quarter turn and unmistakably built like a real head with a brow, eyes and a jaw, while the shoulders and the shapes arranged behind them fill out the rest of the square. A huge, furious red-skinned warlord's head and shoulders, facing straight forward and symmetrical. He wears a battered helmet whose two thick curved horns sweep up and outward into points on either side of the head, and a wide metal brow-band crosses his forehead with three blunt studs. His face is all heavy jaw and scowl: two deep-set angry eyes under a single united brow, a broad flattened nose, and a thick beard that descends in a blunt wedge past the bottom edge. A heavy trapezoidal shoulder plate caps each shoulder. A single broad axe head rises behind his right shoulder, its curved cutting edge facing outward and its socket cut out as a clean notch. The picture is a flat single-colour emblem made in the manner of a paper cut-out or a spray-paint stencil. Every part of the subject is filled with one uniform white tone, so the whole figure reads as one connected white shape, and the whole of its detail — the eyes, the mouth, the folds of cloth, the gaps between limbs and weapons, the openings in armour — is expressed purely as holes cut clean through that shape rather than as drawn lines. The subject is richly detailed, and that detail stays legible because every hole is given a clear open shape of its own: the emblem reads as a bold, confident piece of graphic design rather than as a vague blob or a stripped-down logo. There is exactly one white tone in the whole subject: the shape carries no second shade, no outline in another colour, no shading inside its masses and no surface pattern of any kind. Light and shadow play no part in the picture at all: because the whole subject is one flat white tone, every part of the shape is equally bright, from its outermost edge to its innermost gap. The emblem is built to be recognised instantly at the size of a small square badge: the head and its identifying features — the shape of the hat or hood, the weapons, the distinctive outline — stay unmistakable at a single glance. The overall silhouette fills the square frame evenly, its total width and its total height coming out very nearly equal, with simple angular masses arranged around the subject to square the shape off like the backing plate of a heraldic badge. The emblem sits alone on a completely plain uniform field of one solid deep slate grey that covers the entire frame edge to edge, the same tone everywhere, and that field is left completely empty with nothing else drawn upon it, so the white shape and the grey field are the only two things in the picture and they meet along one clean crisp edge. The subject is centred in a square frame with generous even margins all round, the full shape sitting well inside the edges, and the picture is calm, simple and easy to read at a glance.",斧王（Axe）· 英雄头像徽记：纯白单色白描，主体是「白色实心色块 + 内部细节挖空」，无第二个颜色、无描边、无渐变、无材质；深板岩灰纯色承载底（出图后本地抠掉）；正方形居中，四周留白充足。
skill_fuwang,斧王,icon,64,skill_fuwang.png,textures/skills/fuwang_skill,"This is a skill icon: it shows a single object or symbol treated as a bold graphic sign rather than as an illustration, and no character and no background scene of any kind is included. Two heavy war axes crossed behind a small round shield, forming a wide symmetrical X across the square. Each axe is a fat crescent blade with a straight back and a short thick haft, and the two hafts meet and overlap at the centre below the shield. The shield is a plain round disc with a single raised boss cut out at its middle and a ring line just inside its rim, and two short tapered spikes jut out from the shield's left and right edges. The axe blades curve outward and upward, their cutting arcs sweeping well into the corners. The picture is a flat single-colour emblem made in the manner of a paper cut-out or a spray-paint stencil. Every part of the subject is filled with one uniform white tone, so the whole figure reads as one connected white shape, and the whole of its detail — the eyes, the mouth, the folds of cloth, the gaps between limbs and weapons, the openings in armour — is expressed purely as holes cut clean through that shape rather than as drawn lines. The subject is richly detailed, and that detail stays legible because every hole is given a clear open shape of its own: the emblem reads as a bold, confident piece of graphic design rather than as a vague blob or a stripped-down logo. There is exactly one white tone in the whole subject: the shape carries no second shade, no outline in another colour, no shading inside its masses and no surface pattern of any kind. Light and shadow play no part in the picture at all: because the whole subject is one flat white tone, every part of the shape is equally bright, from its outermost edge to its innermost gap. The emblem is built to be recognised instantly at the size of a small square badge: the head and its identifying features — the shape of the hat or hood, the weapons, the distinctive outline — stay unmistakable at a single glance. The overall silhouette fills the square frame evenly, its total width and its total height coming out very nearly equal, with simple angular masses arranged around the subject to square the shape off like the backing plate of a heraldic badge. The emblem sits alone on a completely plain uniform field of one solid deep slate grey that covers the entire frame edge to edge, the same tone everywhere, and that field is left completely empty with nothing else drawn upon it, so the white shape and the grey field are the only two things in the picture and they meet along one clean crisp edge. The subject is centred in a square frame with generous even margins all round, the full shape sitting well inside the edges, and the picture is calm, simple and easy to read at a glance.",斧王（Axe）· 技能图标：纯白单色白描，主体是「白色实心色块 + 内部细节挖空」，无第二个颜色、无描边、无渐变、无材质；深板岩灰纯色承载底（出图后本地抠掉）；正方形居中，四周留白充足。
hero_huanci,幻影刺客,emblem,256,hero_huanci.png,textures/heros/huanci,"This is a hero portrait emblem: it shows only the head and shoulders of a single character, treated as a bold heraldic badge rather than as an illustration, and no background scene, no ground and no environment of any kind is included. The head is large and occupies most of the emblem, presented front-on or in a clear three-quarter turn and unmistakably built like a real head with a brow, eyes and a jaw, while the shoulders and the shapes arranged behind them fill out the rest of the square. A lithe assassin shown from the chest up, facing the viewer straight on. Her head is the largest single mass in the picture: a rounded skull inside a deep pointed hood whose opening frames her whole face, and that face is clearly readable as a face — two long almond-shaped eyes cut out as clean pointed lenses beneath a single straight brow line, sharp cheekbones, a narrow jaw, and a small angular half-mask covering only her nose and mouth so that the mask reads as a band across the lower face rather than as the whole head. The hood's peak rises well above the crown and its two side folds hang down past her jaw as blunt wedges. Behind her shoulders two slim curved blades cross in a wide shallow X with their tips pointing up and outward, and a flat diamond-shaped backing plate sits between them filling the space around her neck so that the whole silhouette squares off. The picture is a flat single-colour emblem made in the manner of a paper cut-out or a spray-paint stencil. Every part of the subject is filled with one uniform white tone, so the whole figure reads as one connected white shape, and the whole of its detail — the eyes, the mouth, the folds of cloth, the gaps between limbs and weapons, the openings in armour — is expressed purely as holes cut clean through that shape rather than as drawn lines. The subject is richly detailed, and that detail stays legible because every hole is given a clear open shape of its own: the emblem reads as a bold, confident piece of graphic design rather than as a vague blob or a stripped-down logo. There is exactly one white tone in the whole subject: the shape carries no second shade, no outline in another colour, no shading inside its masses and no surface pattern of any kind. Light and shadow play no part in the picture at all: because the whole subject is one flat white tone, every part of the shape is equally bright, from its outermost edge to its innermost gap. The emblem is built to be recognised instantly at the size of a small square badge: the head and its identifying features — the shape of the hat or hood, the weapons, the distinctive outline — stay unmistakable at a single glance. The overall silhouette fills the square frame evenly, its total width and its total height coming out very nearly equal, with simple angular masses arranged around the subject to square the shape off like the backing plate of a heraldic badge. The emblem sits alone on a completely plain uniform field of one solid deep slate grey that covers the entire frame edge to edge, the same tone everywhere, and that field is left completely empty with nothing else drawn upon it, so the white shape and the grey field are the only two things in the picture and they meet along one clean crisp edge. The subject is centred in a square frame with generous even margins all round, the full shape sitting well inside the edges, and the picture is calm, simple and easy to read at a glance.",幻影刺客（Phantom Assassin）· 英雄头像徽记：纯白单色白描，主体是「白色实心色块 + 内部细节挖空」，无第二个颜色、无描边、无渐变、无材质；深板岩灰纯色承载底（出图后本地抠掉）；正方形居中，四周留白充足。
skill_huanci,幻影刺客,icon,64,skill_huanci.png,textures/skills/huanci_skill,"This is a skill icon: it shows a single object or symbol treated as a bold graphic sign rather than as an illustration, and no character and no background scene of any kind is included. Two slim curved daggers crossed in a wide X across the square, their blades long and gently crescent-shaped with sharp points angling up toward the upper corners and their short wrapped grips meeting at the centre. A four-pointed star sits exactly at the crossing point of the two blades, its four spikes aligned with the square's diagonals, and a small ring of four short dashes surrounds the star without touching it, suggesting a burst of impact at the moment of the strike. The picture is a flat single-colour emblem made in the manner of a paper cut-out or a spray-paint stencil. Every part of the subject is filled with one uniform white tone, so the whole figure reads as one connected white shape, and the whole of its detail — the eyes, the mouth, the folds of cloth, the gaps between limbs and weapons, the openings in armour — is expressed purely as holes cut clean through that shape rather than as drawn lines. The subject is richly detailed, and that detail stays legible because every hole is given a clear open shape of its own: the emblem reads as a bold, confident piece of graphic design rather than as a vague blob or a stripped-down logo. There is exactly one white tone in the whole subject: the shape carries no second shade, no outline in another colour, no shading inside its masses and no surface pattern of any kind. Light and shadow play no part in the picture at all: because the whole subject is one flat white tone, every part of the shape is equally bright, from its outermost edge to its innermost gap. The emblem is built to be recognised instantly at the size of a small square badge: the head and its identifying features — the shape of the hat or hood, the weapons, the distinctive outline — stay unmistakable at a single glance. The overall silhouette fills the square frame evenly, its total width and its total height coming out very nearly equal, with simple angular masses arranged around the subject to square the shape off like the backing plate of a heraldic badge. The emblem sits alone on a completely plain uniform field of one solid deep slate grey that covers the entire frame edge to edge, the same tone everywhere, and that field is left completely empty with nothing else drawn upon it, so the white shape and the grey field are the only two things in the picture and they meet along one clean crisp edge. The subject is centred in a square frame with generous even margins all round, the full shape sitting well inside the edges, and the picture is calm, simple and easy to read at a glance.",幻影刺客（Phantom Assassin）· 技能图标：纯白单色白描，主体是「白色实心色块 + 内部细节挖空」，无第二个颜色、无描边、无渐变、无材质；深板岩灰纯色承载底（出图后本地抠掉）；正方形居中，四周留白充足。
hero_zhuoer,卓尔游侠,emblem,256,hero_zhuoer.png,textures/heros/zhuoer,"This is a hero portrait emblem: it shows only the head and shoulders of a single character, treated as a bold heraldic badge rather than as an illustration, and no background scene, no ground and no environment of any kind is included. The head is large and occupies most of the emblem, presented front-on or in a clear three-quarter turn and unmistakably built like a real head with a brow, eyes and a jaw, while the shoulders and the shapes arranged behind them fill out the rest of the square. A cold, aloof ranger's head and shoulders in three-quarter view, turned toward the viewer's left, framed by a tall pointed hood whose collar rises high behind her neck. Her hair is a long pale sheet that falls straight down both sides of the face and past the shoulders in a few blunt wedge-shaped locks. Her face is narrow and impassive, with a high cheekbone, a small straight nose and two long narrow eyes; the left eye is partly covered by a falling lock of hair. A longbow's upper limb rises behind her right shoulder, its tip hooked and a single nocked arrow shaft rising diagonally with a small triangular head cut out clearly against the empty field. The picture is a flat single-colour emblem made in the manner of a paper cut-out or a spray-paint stencil. Every part of the subject is filled with one uniform white tone, so the whole figure reads as one connected white shape, and the whole of its detail — the eyes, the mouth, the folds of cloth, the gaps between limbs and weapons, the openings in armour — is expressed purely as holes cut clean through that shape rather than as drawn lines. The subject is richly detailed, and that detail stays legible because every hole is given a clear open shape of its own: the emblem reads as a bold, confident piece of graphic design rather than as a vague blob or a stripped-down logo. There is exactly one white tone in the whole subject: the shape carries no second shade, no outline in another colour, no shading inside its masses and no surface pattern of any kind. Light and shadow play no part in the picture at all: because the whole subject is one flat white tone, every part of the shape is equally bright, from its outermost edge to its innermost gap. The emblem is built to be recognised instantly at the size of a small square badge: the head and its identifying features — the shape of the hat or hood, the weapons, the distinctive outline — stay unmistakable at a single glance. The overall silhouette fills the square frame evenly, its total width and its total height coming out very nearly equal, with simple angular masses arranged around the subject to square the shape off like the backing plate of a heraldic badge. The emblem sits alone on a completely plain uniform field of one solid deep slate grey that covers the entire frame edge to edge, the same tone everywhere, and that field is left completely empty with nothing else drawn upon it, so the white shape and the grey field are the only two things in the picture and they meet along one clean crisp edge. The subject is centred in a square frame with generous even margins all round, the full shape sitting well inside the edges, and the picture is calm, simple and easy to read at a glance.",卓尔游侠（Drow Ranger）· 英雄头像徽记：纯白单色白描，主体是「白色实心色块 + 内部细节挖空」，无第二个颜色、无描边、无渐变、无材质；深板岩灰纯色承载底（出图后本地抠掉）；正方形居中，四周留白充足。
skill_zhuoer,卓尔游侠,icon,64,skill_zhuoer.png,textures/skills/zhuoer_skill,"This is a skill icon: it shows a single object or symbol treated as a bold graphic sign rather than as an illustration, and no character and no background scene of any kind is included. A single long arrow slanting from lower left to upper right, with a broad triangular arrowhead at the top whose two barbs sweep back as sharp wings, a straight slim shaft, and three short fletching vanes at the bottom cut as clean angular notches. A six-armed snowflake sits behind the arrow overlapping its middle, each arm a straight tapering spike with a small side barb near its tip, and a fine dashed trail of three tiny crystals trails away from the arrowhead toward the upper right corner. The picture is a flat single-colour emblem made in the manner of a paper cut-out or a spray-paint stencil. Every part of the subject is filled with one uniform white tone, so the whole figure reads as one connected white shape, and the whole of its detail — the eyes, the mouth, the folds of cloth, the gaps between limbs and weapons, the openings in armour — is expressed purely as holes cut clean through that shape rather than as drawn lines. The subject is richly detailed, and that detail stays legible because every hole is given a clear open shape of its own: the emblem reads as a bold, confident piece of graphic design rather than as a vague blob or a stripped-down logo. There is exactly one white tone in the whole subject: the shape carries no second shade, no outline in another colour, no shading inside its masses and no surface pattern of any kind. Light and shadow play no part in the picture at all: because the whole subject is one flat white tone, every part of the shape is equally bright, from its outermost edge to its innermost gap. The emblem is built to be recognised instantly at the size of a small square badge: the head and its identifying features — the shape of the hat or hood, the weapons, the distinctive outline — stay unmistakable at a single glance. The overall silhouette fills the square frame evenly, its total width and its total height coming out very nearly equal, with simple angular masses arranged around the subject to square the shape off like the backing plate of a heraldic badge. The emblem sits alone on a completely plain uniform field of one solid deep slate grey that covers the entire frame edge to edge, the same tone everywhere, and that field is left completely empty with nothing else drawn upon it, so the white shape and the grey field are the only two things in the picture and they meet along one clean crisp edge. The subject is centred in a square frame with generous even margins all round, the full shape sitting well inside the edges, and the picture is calm, simple and easy to read at a glance.",卓尔游侠（Drow Ranger）· 技能图标：纯白单色白描，主体是「白色实心色块 + 内部细节挖空」，无第二个颜色、无描边、无渐变、无材质；深板岩灰纯色承载底（出图后本地抠掉）；正方形居中，四周留白充足。
hero_shuijing,水晶室女,emblem,256,hero_shuijing.png,textures/heros/shuijing,"This is a hero portrait emblem: it shows only the head and shoulders of a single character, treated as a bold heraldic badge rather than as an illustration, and no background scene, no ground and no environment of any kind is included. The head is large and occupies most of the emblem, presented front-on or in a clear three-quarter turn and unmistakably built like a real head with a brow, eyes and a jaw, while the shoulders and the shapes arranged behind them fill out the rest of the square. A serene young ice sorceress's head and shoulders facing straight forward, wrapped in a high-collared robe with a deep pointed hood that rises to a soft peak behind her head and folds down over her shoulders in two heavy wedges. Her hair is a short fringe of blunt locks across the brow and two longer strands falling in front of each ear. Her face is round and calm, with two large level eyes, a small nose and a small closed mouth. A tall staff rises vertically behind her left shoulder, topped by a broad six-armed crystal snowflake whose arms end in sharp points, and three small separate crystal shards float free in the empty space beside her other shoulder. The picture is a flat single-colour emblem made in the manner of a paper cut-out or a spray-paint stencil. Every part of the subject is filled with one uniform white tone, so the whole figure reads as one connected white shape, and the whole of its detail — the eyes, the mouth, the folds of cloth, the gaps between limbs and weapons, the openings in armour — is expressed purely as holes cut clean through that shape rather than as drawn lines. The subject is richly detailed, and that detail stays legible because every hole is given a clear open shape of its own: the emblem reads as a bold, confident piece of graphic design rather than as a vague blob or a stripped-down logo. There is exactly one white tone in the whole subject: the shape carries no second shade, no outline in another colour, no shading inside its masses and no surface pattern of any kind. Light and shadow play no part in the picture at all: because the whole subject is one flat white tone, every part of the shape is equally bright, from its outermost edge to its innermost gap. The emblem is built to be recognised instantly at the size of a small square badge: the head and its identifying features — the shape of the hat or hood, the weapons, the distinctive outline — stay unmistakable at a single glance. The overall silhouette fills the square frame evenly, its total width and its total height coming out very nearly equal, with simple angular masses arranged around the subject to square the shape off like the backing plate of a heraldic badge. The emblem sits alone on a completely plain uniform field of one solid deep slate grey that covers the entire frame edge to edge, the same tone everywhere, and that field is left completely empty with nothing else drawn upon it, so the white shape and the grey field are the only two things in the picture and they meet along one clean crisp edge. The subject is centred in a square frame with generous even margins all round, the full shape sitting well inside the edges, and the picture is calm, simple and easy to read at a glance.",水晶室女（Crystal Maiden）· 英雄头像徽记：纯白单色白描，主体是「白色实心色块 + 内部细节挖空」，无第二个颜色、无描边、无渐变、无材质；深板岩灰纯色承载底（出图后本地抠掉）；正方形居中，四周留白充足。
skill_shuijing,水晶室女,icon,64,skill_shuijing.png,textures/skills/shuijing_skill,"This is a skill icon: it shows a single object or symbol treated as a bold graphic sign rather than as an illustration, and no character and no background scene of any kind is included. A large six-armed ice crystal centred in the square, each of its six arms a straight tapering spoke that ends in a small barbed fork, with three shorter secondary spokes branching off between the main arms so the whole form reads as a dense symmetrical snowflake. A thin complete ring encircles the snowflake just outside its tips, and four short frozen droplets hang from the ring at the diagonal positions, each a small blunt teardrop with a flat cut top, suggesting the instant of freezing. The picture is a flat single-colour emblem made in the manner of a paper cut-out or a spray-paint stencil. Every part of the subject is filled with one uniform white tone, so the whole figure reads as one connected white shape, and the whole of its detail — the eyes, the mouth, the folds of cloth, the gaps between limbs and weapons, the openings in armour — is expressed purely as holes cut clean through that shape rather than as drawn lines. The subject is richly detailed, and that detail stays legible because every hole is given a clear open shape of its own: the emblem reads as a bold, confident piece of graphic design rather than as a vague blob or a stripped-down logo. There is exactly one white tone in the whole subject: the shape carries no second shade, no outline in another colour, no shading inside its masses and no surface pattern of any kind. Light and shadow play no part in the picture at all: because the whole subject is one flat white tone, every part of the shape is equally bright, from its outermost edge to its innermost gap. The emblem is built to be recognised instantly at the size of a small square badge: the head and its identifying features — the shape of the hat or hood, the weapons, the distinctive outline — stay unmistakable at a single glance. The overall silhouette fills the square frame evenly, its total width and its total height coming out very nearly equal, with simple angular masses arranged around the subject to square the shape off like the backing plate of a heraldic badge. The emblem sits alone on a completely plain uniform field of one solid deep slate grey that covers the entire frame edge to edge, the same tone everywhere, and that field is left completely empty with nothing else drawn upon it, so the white shape and the grey field are the only two things in the picture and they meet along one clean crisp edge. The subject is centred in a square frame with generous even margins all round, the full shape sitting well inside the edges, and the picture is calm, simple and easy to read at a glance.",水晶室女（Crystal Maiden）· 技能图标：纯白单色白描，主体是「白色实心色块 + 内部细节挖空」，无第二个颜色、无描边、无渐变、无材质；深板岩灰纯色承载底（出图后本地抠掉）；正方形居中，四周留白充足。
hero_lina,莉娜,emblem,256,hero_lina.png,textures/heros/lina,"This is a hero portrait emblem: it shows only the head and shoulders of a single character, treated as a bold heraldic badge rather than as an illustration, and no background scene, no ground and no environment of any kind is included. The head is large and occupies most of the emblem, presented front-on or in a clear three-quarter turn and unmistakably built like a real head with a brow, eyes and a jaw, while the shoulders and the shapes arranged behind them fill out the rest of the square. A proud fire sorceress's head and shoulders in three-quarter view, turned toward the viewer's right, her long hair sweeping upward and outward in thick curling tongues as though lifted by rising heat, the strands ending in tapered flame points on both sides of the frame. Her face is sharp and confident, with a narrow chin, a straight nose and two level eyes under slim brows. Her near arm is raised with the palm open and fingers spread, and a single upright flame is cut out of the gap between her palm and her shoulder. A short cape collar stands up behind her neck in two stiff pointed wings. The picture is a flat single-colour emblem made in the manner of a paper cut-out or a spray-paint stencil. Every part of the subject is filled with one uniform white tone, so the whole figure reads as one connected white shape, and the whole of its detail — the eyes, the mouth, the folds of cloth, the gaps between limbs and weapons, the openings in armour — is expressed purely as holes cut clean through that shape rather than as drawn lines. The subject is richly detailed, and that detail stays legible because every hole is given a clear open shape of its own: the emblem reads as a bold, confident piece of graphic design rather than as a vague blob or a stripped-down logo. There is exactly one white tone in the whole subject: the shape carries no second shade, no outline in another colour, no shading inside its masses and no surface pattern of any kind. Light and shadow play no part in the picture at all: because the whole subject is one flat white tone, every part of the shape is equally bright, from its outermost edge to its innermost gap. The emblem is built to be recognised instantly at the size of a small square badge: the head and its identifying features — the shape of the hat or hood, the weapons, the distinctive outline — stay unmistakable at a single glance. The overall silhouette fills the square frame evenly, its total width and its total height coming out very nearly equal, with simple angular masses arranged around the subject to square the shape off like the backing plate of a heraldic badge. The emblem sits alone on a completely plain uniform field of one solid deep slate grey that covers the entire frame edge to edge, the same tone everywhere, and that field is left completely empty with nothing else drawn upon it, so the white shape and the grey field are the only two things in the picture and they meet along one clean crisp edge. The subject is centred in a square frame with generous even margins all round, the full shape sitting well inside the edges, and the picture is calm, simple and easy to read at a glance.",莉娜（Lina）· 英雄头像徽记：纯白单色白描，主体是「白色实心色块 + 内部细节挖空」，无第二个颜色、无描边、无渐变、无材质；深板岩灰纯色承载底（出图后本地抠掉）；正方形居中，四周留白充足。
skill_lina,莉娜,icon,64,skill_lina.png,textures/skills/lina_skill,"This is a skill icon: it shows a single object or symbol treated as a bold graphic sign rather than as an illustration, and no character and no background scene of any kind is included. A round ball of fire centred in the square, its surface broken by four curved flame tongues that curl outward from its top, its two sides and its base, all four reaching the same distance so the whole form reads as a broad symmetric star of heat rather than as a rising column. Inside the fireball two concentric crescent gaps are cut out to show its layers as nested rings of flame, and six small separate ember dots circle the ball at an even distance, joined by a thin broken arc that passes behind the tongues and touches none of them. The picture is a flat single-colour emblem made in the manner of a paper cut-out or a spray-paint stencil. Every part of the subject is filled with one uniform white tone, so the whole figure reads as one connected white shape, and the whole of its detail — the eyes, the mouth, the folds of cloth, the gaps between limbs and weapons, the openings in armour — is expressed purely as holes cut clean through that shape rather than as drawn lines. The subject is richly detailed, and that detail stays legible because every hole is given a clear open shape of its own: the emblem reads as a bold, confident piece of graphic design rather than as a vague blob or a stripped-down logo. There is exactly one white tone in the whole subject: the shape carries no second shade, no outline in another colour, no shading inside its masses and no surface pattern of any kind. Light and shadow play no part in the picture at all: because the whole subject is one flat white tone, every part of the shape is equally bright, from its outermost edge to its innermost gap. The emblem is built to be recognised instantly at the size of a small square badge: the head and its identifying features — the shape of the hat or hood, the weapons, the distinctive outline — stay unmistakable at a single glance. The overall silhouette fills the square frame evenly, its total width and its total height coming out very nearly equal, with simple angular masses arranged around the subject to square the shape off like the backing plate of a heraldic badge. The emblem sits alone on a completely plain uniform field of one solid deep slate grey that covers the entire frame edge to edge, the same tone everywhere, and that field is left completely empty with nothing else drawn upon it, so the white shape and the grey field are the only two things in the picture and they meet along one clean crisp edge. The subject is centred in a square frame with generous even margins all round, the full shape sitting well inside the edges, and the picture is calm, simple and easy to read at a glance.",莉娜（Lina）· 技能图标：纯白单色白描，主体是「白色实心色块 + 内部细节挖空」，无第二个颜色、无描边、无渐变、无材质；深板岩灰纯色承载底（出图后本地抠掉）；正方形居中，四周留白充足。
hero_viper,冥界亚龙,emblem,256,hero_viper.png,textures/heros/viper,"This is a hero portrait emblem: it shows only the head and shoulders of a single character, treated as a bold heraldic badge rather than as an illustration, and no background scene, no ground and no environment of any kind is included. The head is large and occupies most of the emblem, presented front-on or in a clear three-quarter turn and unmistakably built like a real head with a brow, eyes and a jaw, while the shoulders and the shapes arranged behind them fill out the rest of the square. A predatory winged serpent's head and neck in three-quarter view, turned toward the viewer's left, its long neck rising from the bottom of the picture in a single smooth S-curve. The skull is flat and wedge-shaped with a heavy brow, two narrow slit eyes set wide apart, and a long jaw whose closed line runs almost the full width of the head. Two thick curved fangs hang below the jaw line, clearly cut out as sharp hooks, and a forked tongue flickers out past them. A jagged bony crest runs back from the crown in three decreasing spikes, and a short folded wing membrane rises behind the neck with three ribs cut out of it. The picture is a flat single-colour emblem made in the manner of a paper cut-out or a spray-paint stencil. Every part of the subject is filled with one uniform white tone, so the whole figure reads as one connected white shape, and the whole of its detail — the eyes, the mouth, the folds of cloth, the gaps between limbs and weapons, the openings in armour — is expressed purely as holes cut clean through that shape rather than as drawn lines. The subject is richly detailed, and that detail stays legible because every hole is given a clear open shape of its own: the emblem reads as a bold, confident piece of graphic design rather than as a vague blob or a stripped-down logo. There is exactly one white tone in the whole subject: the shape carries no second shade, no outline in another colour, no shading inside its masses and no surface pattern of any kind. Light and shadow play no part in the picture at all: because the whole subject is one flat white tone, every part of the shape is equally bright, from its outermost edge to its innermost gap. The emblem is built to be recognised instantly at the size of a small square badge: the head and its identifying features — the shape of the hat or hood, the weapons, the distinctive outline — stay unmistakable at a single glance. The overall silhouette fills the square frame evenly, its total width and its total height coming out very nearly equal, with simple angular masses arranged around the subject to square the shape off like the backing plate of a heraldic badge. The emblem sits alone on a completely plain uniform field of one solid deep slate grey that covers the entire frame edge to edge, the same tone everywhere, and that field is left completely empty with nothing else drawn upon it, so the white shape and the grey field are the only two things in the picture and they meet along one clean crisp edge. The subject is centred in a square frame with generous even margins all round, the full shape sitting well inside the edges, and the picture is calm, simple and easy to read at a glance.",冥界亚龙（Viper）· 英雄头像徽记：纯白单色白描，主体是「白色实心色块 + 内部细节挖空」，无第二个颜色、无描边、无渐变、无材质；深板岩灰纯色承载底（出图后本地抠掉）；正方形居中，四周留白充足。
skill_viper,冥界亚龙,icon,64,skill_viper.png,textures/skills/viper_skill,"This is a skill icon: it shows a single object or symbol treated as a bold graphic sign rather than as an illustration, and no character and no background scene of any kind is included. A single fat venom droplet hanging from the pointed tip of a short downward-hooked fang at the top of the square, the droplet pulled into a long teardrop whose lower end rounds off heavily, and a second smaller droplet hangs beside it, caught mid-fall. Below and behind them, a shallow angular puddle spreads out with three short splash spikes rising from its surface. Two thin wavy vapour lines curl upward from the puddle's two sides, and a small round corrosion pit is cut out of the puddle's centre with a broken rim, marking where the venom has eaten through. The picture is a flat single-colour emblem made in the manner of a paper cut-out or a spray-paint stencil. Every part of the subject is filled with one uniform white tone, so the whole figure reads as one connected white shape, and the whole of its detail — the eyes, the mouth, the folds of cloth, the gaps between limbs and weapons, the openings in armour — is expressed purely as holes cut clean through that shape rather than as drawn lines. The subject is richly detailed, and that detail stays legible because every hole is given a clear open shape of its own: the emblem reads as a bold, confident piece of graphic design rather than as a vague blob or a stripped-down logo. There is exactly one white tone in the whole subject: the shape carries no second shade, no outline in another colour, no shading inside its masses and no surface pattern of any kind. Light and shadow play no part in the picture at all: because the whole subject is one flat white tone, every part of the shape is equally bright, from its outermost edge to its innermost gap. The emblem is built to be recognised instantly at the size of a small square badge: the head and its identifying features — the shape of the hat or hood, the weapons, the distinctive outline — stay unmistakable at a single glance. The overall silhouette fills the square frame evenly, its total width and its total height coming out very nearly equal, with simple angular masses arranged around the subject to square the shape off like the backing plate of a heraldic badge. The emblem sits alone on a completely plain uniform field of one solid deep slate grey that covers the entire frame edge to edge, the same tone everywhere, and that field is left completely empty with nothing else drawn upon it, so the white shape and the grey field are the only two things in the picture and they meet along one clean crisp edge. The subject is centred in a square frame with generous even margins all round, the full shape sitting well inside the edges, and the picture is calm, simple and easy to read at a glance.",冥界亚龙（Viper）· 技能图标：纯白单色白描，主体是「白色实心色块 + 内部细节挖空」，无第二个颜色、无描边、无渐变、无材质；深板岩灰纯色承载底（出图后本地抠掉）；正方形居中，四周留白充足。
hero_mituan,谜团,emblem,256,hero_mituan.png,textures/heros/mituan,"This is a hero portrait emblem: it shows only the head and shoulders of a single character, treated as a bold heraldic badge rather than as an illustration, and no background scene, no ground and no environment of any kind is included. The head is large and occupies most of the emblem, presented front-on or in a clear three-quarter turn and unmistakably built like a real head with a brow, eyes and a jaw, while the shoulders and the shapes arranged behind them fill out the rest of the square. A hooded void figure's head and shoulders facing straight forward, its shape symmetrical and utterly still. The hood is a plain deep cowl with no trim, its opening filled by an unbroken flat white oval where a face would be, and the only features are two narrow horizontal eye slits cut out as clean rectangular gaps. Around the figure's shoulders and behind the head, four thick curved tendrils spiral outward in a slow pinwheel, each tendril tapering as it sweeps, so the silhouette reads as a vortex rather than a person. A few small separated shards drift free in the gaps between the tendrils, and a thin ring is cut out of the cowl's crown. The picture is a flat single-colour emblem made in the manner of a paper cut-out or a spray-paint stencil. Every part of the subject is filled with one uniform white tone, so the whole figure reads as one connected white shape, and the whole of its detail — the eyes, the mouth, the folds of cloth, the gaps between limbs and weapons, the openings in armour — is expressed purely as holes cut clean through that shape rather than as drawn lines. The subject is richly detailed, and that detail stays legible because every hole is given a clear open shape of its own: the emblem reads as a bold, confident piece of graphic design rather than as a vague blob or a stripped-down logo. There is exactly one white tone in the whole subject: the shape carries no second shade, no outline in another colour, no shading inside its masses and no surface pattern of any kind. Light and shadow play no part in the picture at all: because the whole subject is one flat white tone, every part of the shape is equally bright, from its outermost edge to its innermost gap. The emblem is built to be recognised instantly at the size of a small square badge: the head and its identifying features — the shape of the hat or hood, the weapons, the distinctive outline — stay unmistakable at a single glance. The overall silhouette fills the square frame evenly, its total width and its total height coming out very nearly equal, with simple angular masses arranged around the subject to square the shape off like the backing plate of a heraldic badge. The emblem sits alone on a completely plain uniform field of one solid deep slate grey that covers the entire frame edge to edge, the same tone everywhere, and that field is left completely empty with nothing else drawn upon it, so the white shape and the grey field are the only two things in the picture and they meet along one clean crisp edge. The subject is centred in a square frame with generous even margins all round, the full shape sitting well inside the edges, and the picture is calm, simple and easy to read at a glance.",谜团（Enigma）· 英雄头像徽记：纯白单色白描，主体是「白色实心色块 + 内部细节挖空」，无第二个颜色、无描边、无渐变、无材质；深板岩灰纯色承载底（出图后本地抠掉）；正方形居中，四周留白充足。
skill_mituan,谜团,icon,64,skill_mituan.png,textures/skills/mituan_skill,"This is a skill icon: it shows a single object or symbol treated as a bold graphic sign rather than as an illustration, and no character and no background scene of any kind is included. A black hole drawn as a deep concentric vortex: a solid round core at the centre surrounded by three thick curved arms that spiral inward clockwise, each arm tapering to a fine point as it approaches the core, leaving clear empty channels between them. A complete thin ring encircles the whole vortex just outside the arms' outer ends, and four short tapered spikes point outward from that ring at the diagonals, each one shorter than the last, giving the pull a direction. A small empty disc is cut out of the core's exact centre. The picture is a flat single-colour emblem made in the manner of a paper cut-out or a spray-paint stencil. Every part of the subject is filled with one uniform white tone, so the whole figure reads as one connected white shape, and the whole of its detail — the eyes, the mouth, the folds of cloth, the gaps between limbs and weapons, the openings in armour — is expressed purely as holes cut clean through that shape rather than as drawn lines. The subject is richly detailed, and that detail stays legible because every hole is given a clear open shape of its own: the emblem reads as a bold, confident piece of graphic design rather than as a vague blob or a stripped-down logo. There is exactly one white tone in the whole subject: the shape carries no second shade, no outline in another colour, no shading inside its masses and no surface pattern of any kind. Light and shadow play no part in the picture at all: because the whole subject is one flat white tone, every part of the shape is equally bright, from its outermost edge to its innermost gap. The emblem is built to be recognised instantly at the size of a small square badge: the head and its identifying features — the shape of the hat or hood, the weapons, the distinctive outline — stay unmistakable at a single glance. The overall silhouette fills the square frame evenly, its total width and its total height coming out very nearly equal, with simple angular masses arranged around the subject to square the shape off like the backing plate of a heraldic badge. The emblem sits alone on a completely plain uniform field of one solid deep slate grey that covers the entire frame edge to edge, the same tone everywhere, and that field is left completely empty with nothing else drawn upon it, so the white shape and the grey field are the only two things in the picture and they meet along one clean crisp edge. The subject is centred in a square frame with generous even margins all round, the full shape sitting well inside the edges, and the picture is calm, simple and easy to read at a glance.",谜团（Enigma）· 技能图标：纯白单色白描，主体是「白色实心色块 + 内部细节挖空」，无第二个颜色、无描边、无渐变、无材质；深板岩灰纯色承载底（出图后本地抠掉）；正方形居中，四周留白充足。
