id,name,old_rarity,new_rarity,kw,old_effect,new_attrs,new_hooks,new_desc
1,"荆棘护甲",common,common,"反伤","护甲 +3.5","护甲 +3.5","","护甲 +3.5"
2,"吸血獠牙",epic,epic,"吸血","攻击力 +12+吸血 +9","攻击力 +12；吸血 +9%","","攻击力 +12；吸血 +9%"
3,"烈焰之剑",rare,rare,"点燃","攻击力 +10/mod202","攻击力 +10","ignite[rare:chance=20 dps=6]","攻击力 +10；普攻有 20% 概率点燃目标：每秒 6 点魔法伤害，持续 3 秒"
4,"巨人之心",rare,rare,"血量","最大生命 +145/mod221","最大生命 +145","takeHeal[rare:value=3]","最大生命 +145；每次受到伤害后回复 3 点生命"
5,"掌中怜悯",legendary,legendary,"锁血","最大生命 +145/mod220","最大生命 +145","lastStand[legendary:count=2]","最大生命 +145；本局受到致命伤害时以 1 点生命存活（2 次）"
1001,"压制之刃",common,common,"压制","攻击力 +8","攻击力 +8","","攻击力 +8"
1002,"圆盾",common,common,"格挡","护甲 +3.5","护甲 +3.5","","护甲 +3.5"
1003,"力量手套",common,common,"力量","最大生命 +90+生命恢复 +0.14","最大生命 +90；生命恢复 +0.14/秒","","最大生命 +90；生命恢复 +0.14/秒"
1004,"敏捷便靴",common,common,"敏捷","攻击力 +8","攻击力 +8","","攻击力 +8"
1005,"智力斗篷",rare,rare,"智力","最大生命 +90+攻击力 +10/mod201","最大生命 +90；攻击力 +10","hitPct[rare:pct=15]","最大生命 +90；攻击力 +10；普攻命中后追加 攻击力 15% 的魔法伤害"
1006,"圆环",common,common,"血甲","最大生命 +90+护甲 +3.5","最大生命 +90；护甲 +3.5","","最大生命 +90；护甲 +3.5"
1007,"守护指环",common,common,"守护","护甲 +3.5","护甲 +3.5","","护甲 +3.5"
1008,"回复指环",common,common,"血回","最大生命 +90+生命恢复 +0.14","最大生命 +90；生命恢复 +0.14/秒","","最大生命 +90；生命恢复 +0.14/秒"
1009,"贤者面罩",common,common,"回血","生命恢复 +0.14","生命恢复 +0.14/秒","","生命恢复 +0.14/秒"
1010,"魔棒",common,common,"回蓝","最大魔法 +40+魔法恢复 +0.14","最大魔法 +40；魔法恢复 +0.14/秒","","最大魔法 +40；魔法恢复 +0.14/秒"
1011,"雨滴",common,common,"挡法","生命恢复 +0.14","生命恢复 +0.14/秒","","生命恢复 +0.14/秒"
1012,"风灵之纹",common,common,"追猎","攻击距离 +50","攻击距离 +50","","攻击距离 +50"
1013,"巫师帽",rare,rare,"法力","最大魔法 +60+魔法恢复 +0.14/mod227","最大魔法 +60；魔法恢复 +0.14/秒","killMana[rare:value=5]","最大魔法 +60；魔法恢复 +0.14/秒；击杀敌人回复 5 点魔法"
1014,"枯萎之石",rare,rare,"腐蚀","攻击力 +8+护甲 +6/mod205","攻击力 +8；护甲 +6","armorBreak[rare:armor=2]","攻击力 +8；护甲 +6；普攻使目标护甲 -2（持续 2 秒，可叠 3 层）"
1015,"淬毒之珠",rare,rare,"剧毒","攻击力 +8/mod203","攻击力 +8","poison[rare:dps=4]","攻击力 +8；普攻使目标中毒：每层每秒 4 点魔法伤害（上限 5 层，持续 4 秒）"
1016,"攻击之爪",common,common,"利爪","攻击力 +8","攻击力 +8","","攻击力 +8"
1017,"力量腰带",common,common,"腰带","最大生命 +120","最大生命 +120","","最大生命 +120"
1018,"精灵布带",common,common,"护甲","护甲 +3.5","护甲 +3.5","","护甲 +3.5"
1019,"法师长袍",epic,epic,"法抗增伤","魔法抗性 +15+伤害输出 +12/mod239","魔法抗性 +15%；伤害输出 +12%","silenceProc[epic:chance=25 dur=2]","魔法抗性 +15%；伤害输出 +12%；普攻有 25% 概率沉默目标 2 秒"
1020,"王冠",common,common,"血甲","最大生命 +120+护甲 +3.5","最大生命 +120；护甲 +3.5","","最大生命 +120；护甲 +3.5"
1021,"加速手套",epic,epic,"攻速","攻击速度 +25/mod212","攻击速度 +25%","atkSpeedStack[epic:per=3 max=10]","攻击速度 +25%；普攻命中叠 1 层：攻击速度 +3%（上限 10 层，持续 3 秒）"
1022,"披巾",epic,epic,"法抗","魔法抗性 +15+受伤减免 +-12/mod224","魔法抗性 +15%；受到的伤害 -12%（物理与法术都减）","magicBarrier[epic:cd=20 pct=100]","魔法抗性 +15%；受到的伤害 -12%（物理与法术都减）；每 20 秒阻挡一次魔法伤害的 100%"
1023,"锁子甲",common,common,"锁甲","护甲 +3.5","护甲 +3.5","","护甲 +3.5"
1024,"速度之靴",common,common,"蓄势","攻击距离 +50","攻击距离 +50","","攻击距离 +50"
1025,"巫毒面具",epic,epic,"吸血","攻击力 +10+吸血 +9","攻击力 +10；吸血 +9%","","攻击力 +10；吸血 +9%"
1026,"恢复指环",common,common,"恢复","最大生命 +90+生命恢复 +0.14","最大生命 +90；生命恢复 +0.14/秒","","最大生命 +90；生命恢复 +0.14/秒"
1027,"虚无宝石",common,common,"回血","生命恢复 +0.14","生命恢复 +0.14/秒","","生命恢复 +0.14/秒"
1028,"裂隙之石",common,common,"溅射","最大生命 +110","最大生命 +110","","最大生命 +110"
1029,"短棍",common,common,"攻击","攻击力 +10","攻击力 +10","","攻击力 +10"
1030,"标枪",rare,rare,"穿刺","攻击力 +10+护甲 +6/mod208","攻击力 +10；护甲 +6","pierce[rare:extra=1]","攻击力 +10；护甲 +6；普攻额外命中 1 个敌人（各造成 60% 伤害）"
1031,"吸血面具",epic,epic,"吸取","攻击力 +14%+吸血 +9+攻击速度 +25/mod226","攻击力 +14%；吸血 +9%；攻击速度 +25%","killHeal[epic:value=15]","攻击力 +14%；吸血 +9%；攻击速度 +25%；击杀敌人回复 15 点生命"
1033,"抗魔斗篷",epic,epic,"法抗","魔法抗性 +15/mod224","魔法抗性 +15%","magicBarrier[epic:cd=20 pct=100]","魔法抗性 +15%；每 20 秒阻挡一次魔法伤害的 100%"
1034,"暗影护符",epic,epic,"闪避反击","闪避 +10/mod217","闪避 +10%","evadeCounter[epic:pct=150]","闪避 +10%；闪避成功后对攻击者造成 攻击力 150% 的伤害"
1035,"片甲",common,common,"护甲","护甲 +3.5","护甲 +3.5","","护甲 +3.5"
1036,"铁意头盔",common,common,"耐久","最大生命 +110+生命恢复 +0.14","最大生命 +110；生命恢复 +0.14/秒","","最大生命 +110；生命恢复 +0.14/秒"
1037,"阔剑",common,common,"阔剑","攻击力 +10","攻击力 +10","","攻击力 +10"
1038,"头冠",common,common,"血甲","最大生命 +120+护甲 +3.5","最大生命 +120；护甲 +3.5","","最大生命 +120；护甲 +3.5"
1039,"食人魔之斧",common,common,"血牛","最大生命 +145+生命恢复 +0.14","最大生命 +145；生命恢复 +0.14/秒","","最大生命 +145；生命恢复 +0.14/秒"
1040,"欢欣之刃",common,common,"护甲","护甲 +3.5","护甲 +3.5","","护甲 +3.5"
1041,"魔力法杖",rare,rare,"法伤","最大生命 +90+攻击力 +10/mod201","最大生命 +90；攻击力 +10","hitPct[rare:pct=15]","最大生命 +90；攻击力 +10；普攻命中后追加 攻击力 15% 的魔法伤害"
1042,"闪电指节",common,common,"连锁","攻击力 +10","攻击力 +10","","攻击力 +10"
1043,"大剑",common,common,"重剑","攻击力 +10+护甲 +3.5","攻击力 +10；护甲 +3.5","","攻击力 +10；护甲 +3.5"
1044,"幽魂权杖",epic,epic,"虚化减伤","攻击力 +13%+受伤减免 +-12+暴击率 +12/mod218","攻击力 +13%；受到的伤害 -12%（物理与法术都减）；暴击率 +12%","lowHpGuard[epic:threshold=35 pct=25]","攻击力 +13%；受到的伤害 -12%（物理与法术都减）；暴击率 +12%；生命低于 35% 时，受到的伤害降低 25%"
1045,"秘银锤",common,common,"秘银","攻击力 +13","攻击力 +13","","攻击力 +13"
1046,"恐鳌之戒",common,common,"回血","最大生命 +145+生命恢复 +0.14","最大生命 +145；生命恢复 +0.14/秒","","最大生命 +145；生命恢复 +0.14/秒"
1047,"赛莉蒙娜之冠",common,common,"回血","生命恢复 +0.14","生命恢复 +0.14/秒","","生命恢复 +0.14/秒"
1056,"巨型仙灵之火",common,common,"续命","攻击力 +8+最大生命 +90","攻击力 +8；最大生命 +90","","攻击力 +8；最大生命 +90"
1057,"皇家蜂蜜",common,common,"补给","攻击力 +8+最大生命 +90","攻击力 +8；最大生命 +90","","攻击力 +8；最大生命 +90"
1058,"修理工具包",rare,rare,"自修","最大生命 +90+护甲 +6/mod225","最大生命 +90；护甲 +6","regenTick[rare:interval=10 pct=2]","最大生命 +90；护甲 +6；每 10 秒回复 2% 最大生命"
1059,"肉山旗帜",rare,rare,"战旗","攻击力 +10/mod234","攻击力 +10","phaseBuff[rare:atkSpeed=4 max=5]","攻击力 +10；每进入新阶段：攻击速度 +4%（上限 5 层，本局永久）"
1060,"狂石包裹",common,common,"狂石","最大生命 +90","最大生命 +90","","最大生命 +90"
1061,"芝士块",rare,rare,"补给","最大生命 +90+生命恢复 +0.14/mod226","最大生命 +90；生命恢复 +0.14/秒","killHeal[rare:value=8]","最大生命 +90；生命恢复 +0.14/秒；击杀敌人回复 8 点生命"
1063,"鲜血手雷",rare,rare,"爆裂","攻击力 +8+最大生命 +90/mod231","攻击力 +8；最大生命 +90","killBoom[rare:value=40 radius=120]","攻击力 +8；最大生命 +90；击杀敌人时，对周围 120 像素内敌人造成 40 点魔法伤害"
1067,"诡计之雾",common,common,"突袭","攻击力 +8","攻击力 +8","","攻击力 +8"
1068,"铁树枝干",common,common,"树枝","最大生命 +90","最大生命 +90","","最大生命 +90"
1069,"净化药水",common,common,"净化（攻击回复）","攻击力 +8+生命恢复 +0.14","攻击力 +8；生命恢复 +0.14/秒","","攻击力 +8；生命恢复 +0.14/秒"
1070,"仙灵之火",rare,rare,"仙火","攻击力 +8+最大生命 +90/mod221","攻击力 +8；最大生命 +90","takeHeal[rare:value=3]","攻击力 +8；最大生命 +90；每次受到伤害后回复 3 点生命"
1071,"魔法芒果",common,common,"芒果","最大魔法 +40+生命恢复 +0.14","最大魔法 +40；生命恢复 +0.14/秒","","最大魔法 +40；生命恢复 +0.14/秒"
1072,"经验之书",rare,rare,"启迪（经济）","最大魔法 +60/mod229","最大魔法 +60","killExpFlat[rare:exp=3]","最大魔法 +60；每击杀 1 名敌人额外获得 3 点经验"
1075,"治疗药膏",common,common,"药膏（攻击回复）","最大生命 +90+生命恢复 +0.14","最大生命 +90；生命恢复 +0.14/秒","","最大生命 +90；生命恢复 +0.14/秒"
1078,"奶酪",common,common,"奶酪（攻击回复）","最大生命 +110+生命恢复 +0.14","最大生命 +110；生命恢复 +0.14/秒","","最大生命 +110；生命恢复 +0.14/秒"
1079,"刷新碎片",rare,rare,"刷新","最大魔法 +60+魔法恢复 +0.14/mod232","最大魔法 +60；魔法恢复 +0.14/秒","killCdr[rare:value=0.5]","最大魔法 +60；魔法恢复 +0.14/秒；击杀敌人使所有技能冷却减少 0.5 秒"
1080,"银月之晶",epic,epic,"月华","攻击速度 +25/mod212","攻击速度 +25%","atkSpeedStack[epic:per=3 max=10]","攻击速度 +25%；普攻命中叠 1 层：攻击速度 +3%（上限 10 层，持续 3 秒）"
1082,"绒毛帽",common,common,"柔软","最大生命 +90","最大生命 +90","","最大生命 +90"
1083,"能量之球",common,common,"能量","最大魔法 +45","最大魔法 +45","","最大魔法 +45"
1084,"活力之球",common,common,"活力","最大生命 +145","最大生命 +145","","最大生命 +145"
1085,"精气之球",common,common,"精气","最大生命 +145","最大生命 +145","","最大生命 +145"
1086,"闪避护符",epic,epic,"闪避","闪避 +10/mod217","闪避 +10%","evadeCounter[epic:pct=150]","闪避 +10%；闪避成功后对攻击者造成 攻击力 150% 的伤害"
1087,"板甲",rare,rare,"格挡","护甲 +6/mod215","护甲 +6","block[rare:value=10]","护甲 +6；每次受到攻击格挡 10 点伤害"
1088,"振奋宝石",rare,rare,"振奋","攻击力 +10/mod213","攻击力 +10","charge[rare:interval=8 mult=2]","攻击力 +10；每 8 秒，下一次普攻造成 2 倍伤害"
1089,"恶魔刀锋",rare,rare,"先手","攻击力 +8/mod210","攻击力 +8","firstStrike[rare:pct=25]","攻击力 +8；对满血敌人普攻伤害 +25%"
1090,"极限法球",rare,rare,"极限","最大生命 +145+护甲 +6/mod223","最大生命 +145；护甲 +6","takeStackAtk[rare:per=1 max=10]","最大生命 +145；护甲 +6；每次受到伤害：攻击力 +1%（上限 10 层，本局永久）"
1091,"鹰歌弓",rare,rare,"鹰眼","护甲 +6/mod210","护甲 +6","firstStrike[rare:pct=25]","护甲 +6；对满血敌人普攻伤害 +25%"
1092,"掠夺者之斧",rare,rare,"掠夺","最大生命 +110/mod226","最大生命 +110","killHeal[rare:value=8]","最大生命 +110；击杀敌人回复 8 点生命"
1093,"神秘法杖",rare,rare,"秘法","最大生命 +90+攻击力 +10/mod200","最大生命 +90；攻击力 +10","hitFlat[rare:value=20]","最大生命 +90；攻击力 +10；普攻命中后追加 20 点魔法伤害"
1094,"圣者遗物",rare,rare,"神圣","攻击力 +10/mod209","攻击力 +10","execute[rare:threshold=15 mult=1.2]","攻击力 +10；目标生命低于 15% 时，普攻伤害 ×1.2"
1095,"寒霜宝珠",rare,rare,"冰封","攻击力 +8+最大生命 +90/mod237","攻击力 +8；最大生命 +90","freezeProc[rare:chance=12]","攻击力 +8；最大生命 +90；普攻有 12% 概率冻结目标 1.5 秒"
1096,"玄冥盾牌",common,common,"反伤","护甲 +3.5","护甲 +3.5","","护甲 +3.5"
1097,"王者之戒",common,common,"王者","生命恢复 +0.14","生命恢复 +0.14/秒","","生命恢复 +0.14/秒"
1098,"回复头巾",rare,rare,"回复","最大生命 +90+生命恢复 +0.14/mod225","最大生命 +90；生命恢复 +0.14/秒","regenTick[rare:interval=10 pct=2]","最大生命 +90；生命恢复 +0.14/秒；每 10 秒回复 2% 最大生命"
1099,"魔杖",common,common,"充能","最大生命 +90","最大生命 +90","","最大生命 +90"
1100,"护腕",rare,rare,"护腕","攻击力 +10+最大生命 +110/mod223","攻击力 +10；最大生命 +110","takeStackAtk[rare:per=1 max=10]","攻击力 +10；最大生命 +110；每次受到伤害：攻击力 +1%（上限 10 层，本局永久）"
1101,"怨灵系带",rare,rare,"怨灵","攻击力 +10+护甲 +6/mod200","攻击力 +10；护甲 +6","hitFlat[rare:value=20]","攻击力 +10；护甲 +6；普攻命中后追加 20 点魔法伤害"
1102,"无用挂件",common,common,"挂件","生命恢复 +0.14","生命恢复 +0.14/秒","","生命恢复 +0.14/秒"
1103,"魔瓶",common,common,"魔瓶","攻击力 +10+最大生命 +110","攻击力 +10；最大生命 +110","","攻击力 +10；最大生命 +110"
1104,"魂戒",common,common,"魂戒","最大生命 +110+护甲 +3.5","最大生命 +110；护甲 +3.5","","最大生命 +110；护甲 +3.5"
1105,"影之灵龛",rare,rare,"灵龛","攻击力 +10+最大生命 +110/mod226","攻击力 +10；最大生命 +110","killHeal[rare:value=8]","攻击力 +10；最大生命 +110；击杀敌人回复 8 点生命"
1106,"静谧之鞋",common,common,"静谧","最大生命 +110+生命恢复 +0.14","最大生命 +110；生命恢复 +0.14/秒","","最大生命 +110；生命恢复 +0.14/秒"
1107,"口袋肉山",rare,rare,"口袋肉山","最大生命 +145/mod231","最大生命 +145","killBoom[rare:value=40 radius=120]","最大生命 +145；击杀敌人时，对周围 120 像素内敌人造成 40 点魔法伤害"
1108,"腐蚀之球",common,common,"腐蚀","攻击力 +10","攻击力 +10","","攻击力 +10"
1109,"猎鹰之刃",rare,rare,"猎鹰","攻击力 +10+最大生命 +110/mod210","攻击力 +10；最大生命 +110","firstStrike[rare:pct=25]","攻击力 +10；最大生命 +110；对满血敌人普攻伤害 +25%"
1110,"丰饶之角",common,common,"丰饶","最大生命 +145+生命恢复 +0.14","最大生命 +145；生命恢复 +0.14/秒","","最大生命 +145；生命恢复 +0.14/秒"
1111,"帕维斯",rare,rare,"护盾充能","攻击力 +10+护甲 +6/mod216","攻击力 +10；护甲 +6","shieldCharge[rare:cd=8 value=20]","攻击力 +10；护甲 +6；每 8 秒获得一次 20 点伤害格挡"
1112,"动力鞋",rare,rare,"动力","攻击力 +10/mod212","攻击力 +10","atkSpeedStack[rare:per=2 max=6]","攻击力 +10；普攻命中叠 1 层：攻击速度 +2%（上限 6 层，持续 3 秒）"
1113,"坚韧球",common,common,"坚韧","最大生命 +145+生命恢复 +0.14","最大生命 +145；生命恢复 +0.14/秒","","最大生命 +145；生命恢复 +0.14/秒"
1116,"相位鞋",rare,rare,"相位","攻击力 +10+护甲 +6/mod217","攻击力 +10；护甲 +6","evadeCounter[rare:pct=100]","攻击力 +10；护甲 +6；闪避成功后对攻击者造成 攻击力 100% 的伤害"
1117,"秘法鞋",rare,rare,"秘法","最大生命 +90+最大魔法 +60/mod227","最大生命 +90；最大魔法 +60","killMana[rare:value=5]","最大生命 +90；最大魔法 +60；击杀敌人回复 5 点魔法"
1118,"空明杖",common,common,"空明","攻击力 +10+生命恢复 +0.14","攻击力 +10；生命恢复 +0.14/秒","","攻击力 +10；生命恢复 +0.14/秒"
1119,"韧鼓",rare,rare,"战鼓","攻击力 +10+最大生命 +145/mod234","攻击力 +10；最大生命 +145","phaseBuff[rare:atkSpeed=4 max=5]","攻击力 +10；最大生命 +145；每进入新阶段：攻击速度 +4%（上限 5 层，本局永久）"
1120,"先锋盾",epic,epic,"先锋","最大生命 +18%+护甲 +10+闪避 +10+受伤减免 +-12+暴击率 +12/mod215+mod214","最大生命 +18%；护甲 +10；闪避 +10%；受到的伤害 -12%（物理与法术都减）；暴击率 +12%","block[epic:value=20] + thorns[epic:pct=25]","最大生命 +18%；护甲 +10；闪避 +10%；受到的伤害 -12%（物理与法术都减）；暴击率 +12%；每次受到攻击格挡 20 点伤害；受到伤害后，向攻击者反弹 25% 伤害"
1121,"纷争面纱",rare,rare,"纷争","最大生命 +90+攻击力 +10/mod239","最大生命 +90；攻击力 +10","silenceProc[rare:chance=15 dur=2]","最大生命 +90；攻击力 +10；普攻有 15% 概率沉默目标 2 秒"
1122,"梅肯斯姆",rare,rare,"梅肯","最大生命 +145+生命恢复 +0.14/mod225","最大生命 +145；生命恢复 +0.14/秒","regenTick[rare:interval=10 pct=2]","最大生命 +145；生命恢复 +0.14/秒；每 10 秒回复 2% 最大生命"
1123,"精华萃取器",epic,epic,"萃取","攻击力 +14%+护甲 +10+吸血 +9+攻击速度 +25+伤害输出 +12+暴击率 +12/mod230","攻击力 +14%；护甲 +10；吸血 +9%；攻击速度 +25%；伤害输出 +12%；暴击率 +12%","killStackAtk[epic:per=0.8 max=60]","攻击力 +14%；护甲 +10；吸血 +9%；攻击速度 +25%；伤害输出 +12%；暴击率 +12%；每击杀 1 名敌人：攻击力 +0.8（上限 60，本局永久）"
1124,"魔龙枪",rare,rare,"长枪","攻击距离 +60/mod200","攻击距离 +60","hitFlat[rare:value=20]","攻击距离 +60；普攻命中后追加 20 点魔法伤害"
1125,"疯狂面具",epic,epic,"狂热","攻击力 +14%+攻击速度 +25+吸血 +9+伤害输出 +12+暴击率 +12","攻击力 +14%；攻击速度 +25%；吸血 +9%；伤害输出 +12%；暴击率 +12%","","攻击力 +14%；攻击速度 +25%；吸血 +9%；伤害输出 +12%；暴击率 +12%"
1126,"水晶剑",epic,epic,"暴击","暴击率 +12/mod211","暴击率 +12%","critEcho[epic:pct=50 radius=130]","暴击率 +12%；暴击时对目标 130 像素内敌人造成 50% 伤害"
1127,"慧光",rare,rare,"慧光","最大生命 +90+攻击力 +10/mod232","最大生命 +90；攻击力 +10","killCdr[rare:value=0.5]","最大生命 +90；攻击力 +10；击杀敌人使所有技能冷却减少 0.5 秒"
1128,"散华",rare,rare,"散华","最大生命 +100+生命恢复 +0.14/mod204","最大生命 +100；生命恢复 +0.14/秒","frost[rare:chance=25 slow=25]","最大生命 +100；生命恢复 +0.14/秒；普攻有 25% 概率使目标减速 25%，持续 2 秒"
1129,"夜叉",rare,rare,"夜叉","攻击力 +10/mod212","攻击力 +10","atkSpeedStack[rare:per=2 max=6]","攻击力 +10；普攻命中叠 1 层：攻击速度 +2%（上限 6 层，持续 3 秒）"
1130,"微光披风",epic,epic,"微光","魔法抗性 +15+受伤减免 +-12+闪避 +10/mod224","魔法抗性 +15%；受到的伤害 -12%（物理与法术都减）；闪避 +10%","magicBarrier[epic:cd=20 pct=100]","魔法抗性 +15%；受到的伤害 -12%（物理与法术都减）；闪避 +10%；每 20 秒阻挡一次魔法伤害的 100%"
1131,"迈达斯之手",legendary,legendary,"点金（经济）","攻击力 +27%+金币获取 +20+经验获取 +20+抽卡折扣 +35/mod228+mod229","攻击力 +27%；金币获取 +20%；经验获取 +20%；遗物抽取费用 -35%","killGold[legendary:value=4] + killExpFlat[legendary:exp=12]","攻击力 +27%；金币获取 +20%；经验获取 +20%；遗物抽取费用 -35%；每击杀 1 名敌人额外获得 4 金币；每击杀 1 名敌人额外获得 12 点经验"
1132,"弗拉迪米尔的祭品",epic,epic,"祭品","攻击力 +12%+护甲 +10+吸血 +9+攻击速度 +25+伤害输出 +12+暴击率 +12/mod226","攻击力 +12%；护甲 +10；吸血 +9%；攻击速度 +25%；伤害输出 +12%；暴击率 +12%","killHeal[epic:value=15]","攻击力 +12%；护甲 +10；吸血 +9%；攻击速度 +25%；伤害输出 +12%；暴击率 +12%；击杀敌人回复 15 点生命"
1133,"原力法杖",rare,rare,"原力","最大生命 +145/mod221","最大生命 +145","takeHeal[rare:value=3]","最大生命 +145；每次受到伤害后回复 3 点生命"
1134,"圣洁吊坠",rare,rare,"圣洁","最大生命 +145+攻击力 +10/mod221","最大生命 +145；攻击力 +10","takeHeal[rare:value=3]","最大生命 +145；攻击力 +10；每次受到伤害后回复 3 点生命"
1135,"阿托斯之棍",rare,rare,"迟缓","最大生命 +145/mod235","最大生命 +145","slowAura[rare:pct=20 radius=160]","最大生命 +145；周围 160 像素内敌人移动速度 -20%"
1136,"以太之镜",common,common,"以太","生命恢复 +0.14+攻击距离 +30","生命恢复 +0.14/秒；攻击距离 +30","","生命恢复 +0.14/秒；攻击距离 +30"
1137,"刃甲",legendary,legendary,"刃甲","攻击力 +22%+护甲 +16+受伤减免 +-20/mod214+mod218","攻击力 +22%；护甲 +16；受到的伤害 -20%（物理与法术都减）","thorns[legendary:pct=40] + lowHpGuard[legendary:threshold=40 pct=40]","攻击力 +22%；护甲 +16；受到的伤害 -20%（物理与法术都减）；受到伤害后，向攻击者反弹 40% 伤害；生命低于 40% 时，受到的伤害降低 40%"
1139,"臂章",epic,epic,"臂章","攻击力 +16%+最大生命 +20%+魔法抗性 +15+暴击率 +12/mod223+mod220","攻击力 +16%；最大生命 +20%；魔法抗性 +15%；暴击率 +12%","takeStackAtk[epic:per=1.5 max=20] + lastStand[epic:count=1]","攻击力 +16%；最大生命 +20%；魔法抗性 +15%；暴击率 +12%；每次受到伤害：攻击力 +1.5%（上限 20 层，本局永久）；本局受到致命伤害时以 1 点生命存活（1 次）"
1140,"净魂之刃",epic,epic,"净魂","攻击力 +16%+攻击速度 +25+伤害输出 +12/mod200+mod239","攻击力 +16%；攻击速度 +25%；伤害输出 +12%","hitFlat[epic:value=45] + silenceProc[epic:chance=25 dur=2]","攻击力 +16%；攻击速度 +25%；伤害输出 +12%；普攻命中后追加 45 点魔法伤害；普攻有 25% 概率沉默目标 2 秒"
1141,"支配头盔",epic,epic,"支配","攻击力 +14%+最大生命 +18%+攻击速度 +25+暴击率 +12/mod230","攻击力 +14%；最大生命 +18%；攻击速度 +25%；暴击率 +12%","killStackAtk[epic:per=0.8 max=60]","攻击力 +14%；最大生命 +18%；攻击速度 +25%；暴击率 +12%；每击杀 1 名敌人：攻击力 +0.8（上限 60，本局永久）"
1142,"专家阵列",epic,epic,"阵列","攻击力 +16%+攻击速度 +25+伤害输出 +12/mod208+mod207","攻击力 +16%；攻击速度 +25%；伤害输出 +12%","pierce[epic:extra=2] + chain[epic:jumps=2 pct=50]","攻击力 +16%；攻击速度 +25%；伤害输出 +12%；普攻额外命中 2 个敌人（各造成 60% 伤害）；普攻命中后弹射 2 次，每次造成 攻击力 50% 的伤害"
1143,"炎阳纹章",rare,rare,"炎阳","攻击力 +10+护甲 +6/mod212","攻击力 +10；护甲 +6","atkSpeedStack[rare:per=2 max=6]","攻击力 +10；护甲 +6；普攻命中叠 1 层：攻击速度 +2%（上限 6 层，持续 3 秒）"
1144,"灵匣",rare,rare,"灵匣","攻击力 +10+最大生命 +145/mod227","攻击力 +10；最大生命 +145","killMana[rare:value=5]","攻击力 +10；最大生命 +145；击杀敌人回复 5 点魔法"
1145,"尤尔的神圣权杖",rare,rare,"圣杖","攻击力 +10+生命恢复 +0.14/mod224","攻击力 +10；生命恢复 +0.14/秒","magicBarrier[rare:cd=25 pct=50]","攻击力 +10；生命恢复 +0.14/秒；每 25 秒阻挡一次魔法伤害的 50%"
1146,"圣化裹布",epic,epic,"裹布","攻击力 +14%+最大生命 +18%+魔法抗性 +15+闪避 +10+伤害输出 +12+受伤减免 +-12/mod218","攻击力 +14%；最大生命 +18%；魔法抗性 +15%；闪避 +10%；伤害输出 +12%；受到的伤害 -12%（物理与法术都减）","lowHpGuard[epic:threshold=35 pct=25]","攻击力 +14%；最大生命 +18%；魔法抗性 +15%；闪避 +10%；伤害输出 +12%；受到的伤害 -12%（物理与法术都减）；生命低于 35% 时，受到的伤害降低 25%"
1147,"回音战刃",rare,rare,"回音","攻击力 +10+生命恢复 +0.14/mod206","攻击力 +10；生命恢复 +0.14/秒","splash[rare:pct=20 radius=120]","攻击力 +10；生命恢复 +0.14/秒；普攻命中后，对目标 120 像素内敌人造成 攻击力 20% 的伤害"
1148,"魂之灵瓮",epic,epic,"灵瓮","攻击力 +14%+最大生命 +18%+护甲 +10+攻击速度 +25+伤害输出 +12/mod226","攻击力 +14%；最大生命 +18%；护甲 +10；攻击速度 +25%；伤害输出 +12%","killHeal[epic:value=15]","攻击力 +14%；最大生命 +18%；护甲 +10；攻击速度 +25%；伤害输出 +12%；击杀敌人回复 15 点生命"
1149,"巫师之刃",rare,rare,"巫师","攻击力 +10/mod202","攻击力 +10","ignite[rare:chance=20 dps=6]","攻击力 +10；普攻有 20% 概率点燃目标：每秒 6 点魔法伤害，持续 3 秒"
1150,"陨星锤",rare,rare,"陨星","攻击力 +10+生命恢复 +0.14/mod236","攻击力 +10；生命恢复 +0.14/秒","stunProc[rare:chance=10 dur=0.8]","攻击力 +10；生命恢复 +0.14/秒；普攻有 10% 概率眩晕目标 0.8 秒"
1151,"碎颅锤",epic,epic,"碎颅","攻击力 +16%+最大生命 +145/mod236+mod209","攻击力 +16%；最大生命 +145","stunProc[epic:chance=18 dur=1] + execute[epic:threshold=25 mult=1.3]","攻击力 +16%；最大生命 +145；普攻有 18% 概率眩晕目标 1 秒；目标生命低于 25% 时，普攻伤害 ×1.3"
1152,"漩涡",epic,epic,"漩涡","攻击力 +16%+闪避 +10+暴击率 +12/mod207+mod201","攻击力 +16%；闪避 +10%；暴击率 +12%","chain[epic:jumps=2 pct=50] + hitPct[epic:pct=30]","攻击力 +16%；闪避 +10%；暴击率 +12%；普攻命中后弹射 2 次，每次造成 攻击力 50% 的伤害；普攻命中后追加 攻击力 30% 的魔法伤害"
1153,"永恒之盘",legendary,legendary,"时间冻结（命中概率冰封）","攻击力 +27%+最大生命 +29%+冷却缩减 +30/mod237+mod220","攻击力 +27%；最大生命 +29%；技能冷却 -30%","freezeProc[legendary:chance=30] + lastStand[legendary:count=2]","攻击力 +27%；最大生命 +29%；技能冷却 -30%；普攻有 30% 概率冻结目标 1.5 秒；本局受到致命伤害时以 1 点生命存活（2 次）"
1154,"灵魂之匣",rare,rare,"魂匣","最大生命 +100/mod221","最大生命 +100","takeHeal[rare:value=3]","最大生命 +100；每次受到伤害后回复 3 点生命"
1155,"达贡之神力",legendary,legendary,"神灭斩（斩杀）","攻击力 +27%/mod209+mod201","攻击力 +27%","execute[legendary:threshold=35 mult=1.5] + hitPct[legendary:pct=50]","攻击力 +27%；目标生命低于 35% 时，普攻伤害 ×1.5；普攻命中后追加 攻击力 50% 的魔法伤害"
1156,"法师克星",epic,epic,"克星","攻击力 +16%+魔法抗性 +15+暴击率 +12/mod224+mod239","攻击力 +16%；魔法抗性 +15%；暴击率 +12%","magicBarrier[epic:cd=20 pct=100] + silenceProc[epic:chance=25 dur=2]","攻击力 +16%；魔法抗性 +15%；暴击率 +12%；每 20 秒阻挡一次魔法伤害的 100%；普攻有 25% 概率沉默目标 2 秒"
1157,"影刃",legendary,legendary,"影刃","攻击力 +27%+攻击速度 +40/mod210+mod211","攻击力 +27%；攻击速度 +40%","firstStrike[legendary:pct=60] + critEcho[legendary:pct=80 radius=140]","攻击力 +27%；攻击速度 +40%；对满血敌人普攻伤害 +60%；暴击时对目标 140 像素内敌人造成 80% 伤害"
1158,"紫怨",rare,rare,"紫怨","攻击力 +10+最大生命 +90/mod239","攻击力 +10；最大生命 +90","silenceProc[rare:chance=15 dur=2]","攻击力 +10；最大生命 +90；普攻有 15% 概率沉默目标 2 秒"
1159,"英灵胸针",legendary,legendary,"暴击","攻击力 +27%+暴击率 +16+暴击倍率 +225/mod211","攻击力 +27%；暴击率 +16%；暴击倍率 225%","critEcho[legendary:pct=80 radius=140]","攻击力 +27%；暴击率 +16%；暴击倍率 225%；暴击时对目标 140 像素内敌人造成 80% 伤害"
1160,"天堂之戟",legendary,legendary,"天堂","攻击力 +22%+最大生命 +29%+护甲 +16+受伤减免 +-20/mod215+mod217","攻击力 +22%；最大生命 +29%；护甲 +16；受到的伤害 -20%（物理与法术都减）","block[legendary:value=35] + evadeCounter[legendary:pct=200]","攻击力 +22%；最大生命 +29%；护甲 +16；受到的伤害 -20%（物理与法术都减）；每次受到攻击格挡 35 点伤害；闪避成功后对攻击者造成 攻击力 200% 的伤害"
1161,"黯灭",legendary,legendary,"黯灭","攻击力 +27%+护甲 +16+伤害输出 +18/mod205+mod209","攻击力 +27%；护甲 +16；伤害输出 +18%","armorBreak[legendary:armor=5] + execute[legendary:threshold=35 mult=1.5]","攻击力 +27%；护甲 +16；伤害输出 +18%；普攻使目标护甲 -5（持续 2 秒，可叠 3 层）；目标生命低于 35% 时，普攻伤害 ×1.5"
1162,"洞察烟斗",rare,rare,"洞察","攻击力 +10+最大生命 +90/mod224","攻击力 +10；最大生命 +90","magicBarrier[rare:cd=25 pct=50]","攻击力 +10；最大生命 +90；每 25 秒阻挡一次魔法伤害的 50%"
1163,"赤红甲",epic,epic,"赤红","最大生命 +20%+护甲 +10+攻击速度 +25+闪避 +10+受伤减免 +-12/mod215+mod225","最大生命 +20%；护甲 +10；攻击速度 +25%；闪避 +10%；受到的伤害 -12%（物理与法术都减）","block[epic:value=20] + regenTick[epic:interval=8 pct=3]","最大生命 +20%；护甲 +10；攻击速度 +25%；闪避 +10%；受到的伤害 -12%（物理与法术都减）；每次受到攻击格挡 20 点伤害；每 8 秒回复 3% 最大生命"
1164,"怨灵契约",legendary,legendary,"契约","最大生命 +36%/mod223+mod222","最大生命 +36%","takeStackAtk[legendary:per=2 max=30] + immolate[legendary:value=30 radius=160]","最大生命 +36%；每次受到伤害：攻击力 +2%（上限 30 层，本局永久）；每秒对周围 160 像素内的敌人造成 30 点魔法伤害"
1165,"清莲宝珠",epic,epic,"清莲","最大生命 +20%+护甲 +10+魔法抗性 +15/mod225+mod220","最大生命 +20%；护甲 +10；魔法抗性 +15%","regenTick[epic:interval=8 pct=3] + lastStand[epic:count=1]","最大生命 +20%；护甲 +10；魔法抗性 +15%；每 8 秒回复 3% 最大生命；本局受到致命伤害时以 1 点生命存活（1 次）"
1166,"永世法衣",epic,epic,"法衣","最大生命 +20%+魔法抗性 +15+受伤减免 +-12/mod218+mod224","最大生命 +20%；魔法抗性 +15%；受到的伤害 -12%（物理与法术都减）","lowHpGuard[epic:threshold=35 pct=25] + magicBarrier[epic:cd=20 pct=100]","最大生命 +20%；魔法抗性 +15%；受到的伤害 -12%（物理与法术都减）；生命低于 35% 时，受到的伤害降低 25%；每 20 秒阻挡一次魔法伤害的 100%"
1167,"狂战斧",epic,epic,"分裂","攻击力 +14%+生命恢复 +0.22/mod206","攻击力 +14%；生命恢复 +0.22/秒","splash[epic:pct=30 radius=140]","攻击力 +14%；生命恢复 +0.22/秒；普攻命中后，对目标 140 像素内敌人造成 攻击力 30% 的伤害"
1168,"黑皇杖",rare,rare,"法术屏障","最大生命 +145/mod224","最大生命 +145","magicBarrier[rare:cd=25 pct=50]","最大生命 +145；每 25 秒阻挡一次魔法伤害的 50%"
1169,"阿哈利姆神杖",legendary,legendary,"神杖","最大生命 +29%+冷却缩减 +30/mod232","最大生命 +29%；技能冷却 -30%","killCdr[legendary:value=2]","最大生命 +29%；技能冷却 -30%；击杀敌人使所有技能冷却减少 2 秒"
1170,"散夜对剑",rare,rare,"双剑","攻击力 +10+最大生命 +100/mod204","攻击力 +10；最大生命 +100","frost[rare:chance=25 slow=25]","攻击力 +10；最大生命 +100；普攻有 25% 概率使目标减速 25%，持续 2 秒"
1171,"慧散对剑",epic,epic,"慧散","最大生命 +20%+魔法抗性 +15+伤害输出 +12/mod204+mod232","最大生命 +20%；魔法抗性 +15%；伤害输出 +12%","frost[epic:chance=40 slow=35] + killCdr[epic:value=1]","最大生命 +20%；魔法抗性 +15%；伤害输出 +12%；普攻有 40% 概率使目标减速 35%，持续 2 秒；击杀敌人使所有技能冷却减少 1 秒"
1172,"夜慧对剑",epic,epic,"夜慧","攻击力 +16%+攻击速度 +25/mod212+mod232","攻击力 +16%；攻击速度 +25%","atkSpeedStack[epic:per=3 max=10] + killCdr[epic:value=1]","攻击力 +16%；攻击速度 +25%；普攻命中叠 1 层：攻击速度 +3%（上限 10 层，持续 3 秒）；击杀敌人使所有技能冷却减少 1 秒"
1173,"气宇之靴",epic,epic,"气宇","攻击力 +16%+攻击速度 +25/mod212+mod234","攻击力 +16%；攻击速度 +25%","atkSpeedStack[epic:per=3 max=10] + phaseBuff[epic:atkSpeed=6 max=6]","攻击力 +16%；攻击速度 +25%；普攻命中叠 1 层：攻击速度 +3%（上限 10 层，持续 3 秒）；每进入新阶段：攻击速度 +6%（上限 6 层，本局永久）"
1174,"否决挂饰",rare,rare,"否决","攻击力 +10+最大生命 +100/mod239","攻击力 +10；最大生命 +100","silenceProc[rare:chance=15 dur=2]","攻击力 +10；最大生命 +100；普攻有 15% 概率沉默目标 2 秒"
1175,"飓风长戟",rare,rare,"飓风","攻击力 +10/mod207","攻击力 +10","chain[rare:jumps=1 pct=40]","攻击力 +10；普攻命中后弹射 1 次，每次造成 攻击力 40% 的伤害"
1176,"卫士胫甲",rare,rare,"卫士","最大生命 +100+护甲 +6/mod215","最大生命 +100；护甲 +6","block[rare:value=10]","最大生命 +100；护甲 +6；每次受到攻击格挡 10 点伤害"
1177,"希瓦的守护",rare,rare,"冰霜光环","护甲 +6/mod235","护甲 +6","slowAura[rare:pct=20 radius=160]","护甲 +6；周围 160 像素内敌人移动速度 -20%"
1178,"幻影斧",epic,epic,"分身（追加一击）","攻击力 +16%+攻击速度 +25/mod211+mod208","攻击力 +16%；攻击速度 +25%","critEcho[epic:pct=50 radius=130] + pierce[epic:extra=2]","攻击力 +16%；攻击速度 +25%；暴击时对目标 130 像素内敌人造成 50% 伤害；普攻额外命中 2 个敌人（各造成 60% 伤害）"
1179,"冈格尼尔",epic,epic,"神枪","最大生命 +20%+攻击距离 +70+攻击速度 +25/mod208+mod209","最大生命 +20%；攻击距离 +70；攻击速度 +25%","pierce[epic:extra=2] + execute[epic:threshold=25 mult=1.3]","最大生命 +20%；攻击距离 +70；攻击速度 +25%；普攻额外命中 2 个敌人（各造成 60% 伤害）；目标生命低于 25% 时，普攻伤害 ×1.3"
1180,"血精石",legendary,legendary,"血精","攻击力 +27%+最大生命 +29%+生命恢复 +0.28+吸血 +15/mod226+mod225","攻击力 +27%；最大生命 +29%；生命恢复 +0.28/秒；吸血 +15%","killHeal[legendary:value=25] + regenTick[legendary:interval=6 pct=5]","攻击力 +27%；最大生命 +29%；生命恢复 +0.28/秒；吸血 +15%；击杀敌人回复 25 点生命；每 6 秒回复 5% 最大生命"
1181,"辉耀",legendary,legendary,"辉耀","攻击力 +27%+闪避 +15/mod222+mod218","攻击力 +27%；闪避 +15%","immolate[legendary:value=30 radius=160] + lowHpGuard[legendary:threshold=40 pct=40]","攻击力 +27%；闪避 +15%；每秒对周围 160 像素内的敌人造成 30 点魔法伤害；生命低于 40% 时，受到的伤害降低 40%"
1182,"渔叉",rare,rare,"渔叉","攻击力 +10+生命恢复 +0.14/mod235","攻击力 +10；生命恢复 +0.14/秒","slowAura[rare:pct=20 radius=160]","攻击力 +10；生命恢复 +0.14/秒；周围 160 像素内敌人移动速度 -20%"
1183,"林肯法球",legendary,legendary,"林肯","最大生命 +29%+生命恢复 +0.28+魔法抗性 +25/mod224+mod219","最大生命 +29%；生命恢复 +0.28/秒；魔法抗性 +25%","magicBarrier[legendary:cd=15 pct=100] + nearDeath[legendary:cd=30 dur=2]","最大生命 +29%；生命恢复 +0.28/秒；魔法抗性 +25%；每 15 秒阻挡一次魔法伤害的 100%；每 30 秒一次：生命低于 25% 时获得 2 秒无敌"
1184,"克莱拉牧杖",epic,epic,"牧杖","攻击力 +16%+最大生命 +20%/mod232+mod225","攻击力 +16%；最大生命 +20%","killCdr[epic:value=1] + regenTick[epic:interval=8 pct=3]","攻击力 +16%；最大生命 +20%；击杀敌人使所有技能冷却减少 1 秒；每 8 秒回复 3% 最大生命"
1185,"奥术之心",legendary,legendary,"奥术","最大生命 +29%+生命恢复 +0.28+冷却缩减 +30/mod232","最大生命 +29%；生命恢复 +0.28/秒；技能冷却 -30%","killCdr[legendary:value=2]","最大生命 +29%；生命恢复 +0.28/秒；技能冷却 -30%；击杀敌人使所有技能冷却减少 2 秒"
1186,"刷新球",epic,epic,"护盾爆发（受击护盾）","攻击力 +16%+最大生命 +20%+生命恢复 +0.22/mod216+mod232","攻击力 +16%；最大生命 +20%；生命恢复 +0.22/秒","shieldCharge[epic:cd=6 value=35] + killCdr[epic:value=1]","攻击力 +16%；最大生命 +20%；生命恢复 +0.22/秒；每 6 秒获得一次 35 点伤害格挡；击杀敌人使所有技能冷却减少 1 秒"
1187,"金箍棒",epic,epic,"穿刺","攻击力 +14%+攻击距离 +60/mod208","攻击力 +14%；攻击距离 +60","pierce[epic:extra=2]","攻击力 +14%；攻击距离 +60；普攻额外命中 2 个敌人（各造成 60% 伤害）"
1188,"撒旦之邪力",epic,epic,"吸血","攻击力 +14%+吸血 +9/mod226","攻击力 +14%；吸血 +9%","killHeal[epic:value=15]","攻击力 +14%；吸血 +9%；击杀敌人回复 15 点生命"
1189,"恐鳌之心",epic,epic,"巨兽之血","最大生命 +20%+生命恢复 +0.22/mod225","最大生命 +20%；生命恢复 +0.22/秒","regenTick[epic:interval=8 pct=3]","最大生命 +20%；生命恢复 +0.22/秒；每 8 秒回复 3% 最大生命"
1190,"代达罗斯之殇",legendary,legendary,"致命一击","攻击力 +27%+暴击率 +16+暴击倍率 +225/mod211","攻击力 +27%；暴击率 +16%；暴击倍率 225%","critEcho[legendary:pct=80 radius=140]","攻击力 +27%；暴击率 +16%；暴击倍率 225%；暴击时对目标 140 像素内敌人造成 80% 伤害"
1191,"强袭胸甲",epic,epic,"攻速光环","攻击速度 +25+护甲 +10/mod212","攻击速度 +25%；护甲 +10","atkSpeedStack[epic:per=3 max=10]","攻击速度 +25%；护甲 +10；普攻命中叠 1 层：攻击速度 +3%（上限 10 层，持续 3 秒）"
1192,"邪恶镰刀",epic,epic,"妖术","暴击率 +12+暴击倍率 +225+魔法抗性 +15+攻击速度 +25/mod238","暴击率 +12%；暴击倍率 225%；魔法抗性 +15%；攻击速度 +25%","hexProc[epic:chance=10 dur=1.5]","暴击率 +12%；暴击倍率 225%；魔法抗性 +15%；攻击速度 +25%；普攻有 10% 概率妖术目标 1.5 秒"
1193,"虚灵之刃",epic,epic,"以太冲击","攻击力 +14%+魔法抗性 +15/mod201","攻击力 +14%；魔法抗性 +15%","hitPct[epic:pct=30]","攻击力 +14%；魔法抗性 +15%；普攻命中后追加 攻击力 30% 的魔法伤害"
1194,"蝴蝶",legendary,legendary,"蝴蝶","攻击力 +27%+攻击速度 +40+闪避 +15/mod217","攻击力 +27%；攻击速度 +40%；闪避 +15%","evadeCounter[legendary:pct=200]","攻击力 +27%；攻击速度 +40%；闪避 +15%；闪避成功后对攻击者造成 攻击力 200% 的伤害"
1195,"雷神之锤",legendary,legendary,"雷神","攻击力 +32%+闪避 +15/mod207+mod211","攻击力 +32%；闪避 +15%","chain[legendary:jumps=3 pct=60] + critEcho[legendary:pct=80 radius=140]","攻击力 +32%；闪避 +15%；普攻命中后弹射 3 次，每次造成 攻击力 60% 的伤害；暴击时对目标 140 像素内敌人造成 80% 伤害"
1196,"坎达",rare,rare,"坎达","攻击力 +10+最大生命 +145/mod200","攻击力 +10；最大生命 +145","hitFlat[rare:value=20]","攻击力 +10；最大生命 +145；普攻命中后追加 20 点魔法伤害"
1197,"圣剑",legendary,legendary,"圣剑","攻击力 +32%+伤害输出 +18+暴击率 +16/mod209+mod201+mod211","攻击力 +32%；伤害输出 +18%；暴击率 +16%","execute[legendary:threshold=35 mult=1.5] + hitPct[legendary:pct=50] + critEcho[legendary:pct=80 radius=140]","攻击力 +32%；伤害输出 +18%；暴击率 +16%；目标生命低于 35% 时，普攻伤害 ×1.5；普攻命中后追加 攻击力 50% 的魔法伤害；暴击时对目标 140 像素内敌人造成 80% 伤害"
1198,"统御头盔",legendary,legendary,"全军狂暴（击杀叠攻速）","攻击力 +32%+最大生命 +42%+护甲 +16/mod212+mod230","攻击力 +32%；最大生命 +42%；护甲 +16","atkSpeedStack[legendary:per=4 max=15] + killStackAtk[legendary:per=1.2 max=80]","攻击力 +32%；最大生命 +42%；护甲 +16；普攻命中叠 1 层：攻击速度 +4%（上限 15 层，持续 3 秒）；每击杀 1 名敌人：攻击力 +1.2（上限 80，本局永久）"
1199,"白银之锋",epic,epic,"白银","攻击力 +16%+生命恢复 +0.22+攻击速度 +25+伤害输出 +12+暴击率 +12/mod210+mod239","攻击力 +16%；生命恢复 +0.22/秒；攻击速度 +25%；伤害输出 +12%；暴击率 +12%","firstStrike[epic:pct=40] + silenceProc[epic:chance=25 dur=2]","攻击力 +16%；生命恢复 +0.22/秒；攻击速度 +25%；伤害输出 +12%；暴击率 +12%；对满血敌人普攻伤害 +40%；普攻有 25% 概率沉默目标 2 秒"
1202,"斯嘉蒂之眼",legendary,legendary,"霜寒","攻击力 +32%+最大生命 +42%+攻击速度 +40/mod204+mod235","攻击力 +32%；最大生命 +42%；攻击速度 +40%","frost[legendary:chance=55 slow=45] + slowAura[legendary:pct=40 radius=200]","攻击力 +32%；最大生命 +42%；攻击速度 +40%；普攻有 55% 概率使目标减速 45%，持续 2 秒；周围 200 像素内敌人移动速度 -40%"
1203,"九头蛇之息",legendary,legendary,"九头蛇","攻击力 +32%+最大生命 +42%+吸血 +15+攻击回复 +9/mod206","攻击力 +32%；最大生命 +42%；吸血 +15%；攻击回复 +9","splash[legendary:pct=45 radius=160]","攻击力 +32%；最大生命 +42%；吸血 +15%；攻击回复 +9；普攻命中后，对目标 160 像素内敌人造成 攻击力 45% 的伤害"
1204,"帕拉斯玛",epic,epic,"帕拉斯玛","攻击力 +16%+护甲 +10+生命恢复 +0.22+攻击速度 +25+闪避 +10/mod214+mod218","攻击力 +16%；护甲 +10；生命恢复 +0.22/秒；攻击速度 +25%；闪避 +10%","thorns[epic:pct=25] + lowHpGuard[epic:threshold=35 pct=25]","攻击力 +16%；护甲 +10；生命恢复 +0.22/秒；攻击速度 +25%；闪避 +10%；受到伤害后，向攻击者反弹 25% 伤害；生命低于 35% 时，受到的伤害降低 25%"
1205,"斥散刃",rare,rare,"斥散","攻击力 +10/mod206","攻击力 +10","splash[rare:pct=20 radius=120]","攻击力 +10；普攻命中后，对目标 120 像素内敌人造成 攻击力 20% 的伤害"
1206,"深渊之刃",legendary,legendary,"深渊","攻击力 +32%+最大生命 +42%+生命恢复 +0.32+攻击速度 +40/mod236+mod209","攻击力 +32%；最大生命 +42%；生命恢复 +0.32/秒；攻击速度 +40%","stunProc[legendary:chance=25 dur=1.2] + execute[legendary:threshold=35 mult=1.5]","攻击力 +32%；最大生命 +42%；生命恢复 +0.32/秒；攻击速度 +40%；普攻有 25% 概率眩晕目标 1.2 秒；目标生命低于 35% 时，普攻伤害 ×1.5"
1207,"三叉戟",legendary,legendary,"三叉戟","攻击力 +32%+最大生命 +42%+生命恢复 +0.32+攻击速度 +40+受伤减免 +-20/mod208+mod230","攻击力 +32%；最大生命 +42%；生命恢复 +0.32/秒；攻击速度 +40%；受到的伤害 -20%（物理与法术都减）","pierce[legendary:extra=3] + killStackAtk[legendary:per=1.2 max=80]","攻击力 +32%；最大生命 +42%；生命恢复 +0.32/秒；攻击速度 +40%；受到的伤害 -20%（物理与法术都减）；普攻额外命中 3 个敌人（各造成 60% 伤害）；每击杀 1 名敌人：攻击力 +1.2（上限 80，本局永久）"
1208,"血棘",legendary,legendary,"血棘","攻击力 +32%+最大生命 +42%+闪避 +15/mod211+mod209","攻击力 +32%；最大生命 +42%；闪避 +15%","critEcho[legendary:pct=80 radius=140] + execute[legendary:threshold=35 mult=1.5]","攻击力 +32%；最大生命 +42%；闪避 +15%；暴击时对目标 140 像素内敌人造成 80% 伤害；目标生命低于 35% 时，普攻伤害 ×1.5"
1209,"风灵法杖",epic,epic,"生机（击杀回血）","攻击力 +16%+生命恢复 +0.22+攻击距离 +60/mod226+mod225","攻击力 +16%；生命恢复 +0.22/秒；攻击距离 +60","killHeal[epic:value=15] + regenTick[epic:interval=8 pct=3]","攻击力 +16%；生命恢复 +0.22/秒；攻击距离 +60；击杀敌人回复 15 点生命；每 8 秒回复 3% 最大生命"
1210,"碎裂背心",common,common,"碎屑","攻击力 +8+护甲 +3.5","攻击力 +8；护甲 +3.5","","攻击力 +8；护甲 +3.5"
1211,"附魂面具",common,common,"吸血垫","攻击力 +8+最大生命 +90","攻击力 +8；最大生命 +90","","攻击力 +8；最大生命 +90"
1212,"秘仪手环",rare,rare,"仪式","攻击力 +8+生命恢复 +0.14/mod233","攻击力 +8；生命恢复 +0.14/秒","tickStackAtk[rare:interval=5 per=1 max=20]","攻击力 +8；生命恢复 +0.14/秒；每 5 秒：攻击力 +1%（上限 20 层，本局永久）"
1213,"瑞斯图尔尖匕",rare,rare,"浸染","攻击力 +8+最大生命 +90/mod200","攻击力 +8；最大生命 +90","hitFlat[rare:value=20]","攻击力 +8；最大生命 +90；普攻命中后追加 20 点魔法伤害"
1214,"决斗者手套",common,common,"决斗","攻击力 +8","攻击力 +8","","攻击力 +8"
1215,"蝌蚪护符",common,common,"护符","最大生命 +90+生命恢复 +0.14","最大生命 +90；生命恢复 +0.14/秒","","最大生命 +90；生命恢复 +0.14/秒"
1216,"狗头人酒杯",common,common,"举杯","攻击力 +8+攻击回复 +1","攻击力 +8；攻击回复 +1","","攻击力 +8；攻击回复 +1"
1217,"沉睡奇物",common,common,"潜能","最大生命 +90","最大生命 +90","","最大生命 +90"
1218,"加重骰子",common,common,"骰子","攻击力 +8","攻击力 +8","","攻击力 +8"
1219,"余烬军团战盾",common,common,"盾墙垫","攻击力 +8+护甲 +3.5","攻击力 +8；护甲 +3.5","","攻击力 +8；护甲 +3.5"
1220,"石羽小包",common,common,"石羽","护甲 +3.5","护甲 +3.5","","护甲 +3.5"
1221,"采菌套具",legendary,legendary,"采集（经济·抽卡折扣）","生命恢复 +0.5+抽卡折扣 +35+金币获取 +20+经验获取 +20/mod228+mod229","生命恢复 +0.5/秒；遗物抽取费用 -35%；金币获取 +20%；经验获取 +20%","killGold[legendary:value=4] + killExpFlat[legendary:exp=12]","生命恢复 +0.5/秒；遗物抽取费用 -35%；金币获取 +20%；经验获取 +20%；每击杀 1 名敌人额外获得 4 金币；每击杀 1 名敌人额外获得 12 点经验"
1222,"穷鬼盾",common,common,"穷鬼盾","攻击力 +8","攻击力 +8","","攻击力 +8"
1223,"勇气勋章",common,common,"勇气垫","护甲 +3.5","护甲 +3.5","","护甲 +3.5"
1224,"精华指环",common,common,"精华","最大生命 +90","最大生命 +90","","最大生命 +90"
1225,"翻腾玩具",common,common,"跃迁","攻击力 +8","攻击力 +8","","攻击力 +8"
1226,"宁静种籽",rare,rare,"种籽","最大生命 +90+生命恢复 +0.14/mod225","最大生命 +90；生命恢复 +0.14/秒","regenTick[rare:interval=10 pct=2]","最大生命 +90；生命恢复 +0.14/秒；每 10 秒回复 2% 最大生命"
1227,"不屈护壳",common,common,"护壳","攻击力 +8","攻击力 +8","","攻击力 +8"
1228,"法力之饮",common,common,"法力垫","攻击力 +8+生命恢复 +0.14","攻击力 +8；生命恢复 +0.14/秒","","攻击力 +8；生命恢复 +0.14/秒"
1229,"致残之弩",common,common,"致残垫","攻击力 +8+最大生命 +90","攻击力 +8；最大生命 +90","","攻击力 +8；最大生命 +90"
1230,"炽热纹章",common,common,"炽热","攻击力 +8","攻击力 +8","","攻击力 +8"
1231,"火焰斗篷",rare,rare,"献祭","攻击力 +8+护甲 +6/mod222","攻击力 +8；护甲 +6","immolate[rare:value=8 radius=140]","攻击力 +8；护甲 +6；每秒对周围 140 像素内的敌人造成 8 点魔法伤害"
1232,"通灵头带",common,common,"通灵（攻击回蓝）","最大魔法 +40+攻击回蓝 +1","最大魔法 +40；攻击回蓝 +1","","最大魔法 +40；攻击回蓝 +1"
1233,"风暴宝器",rare,rare,"风暴","攻击力 +8+生命恢复 +0.14/mod207","攻击力 +8；生命恢复 +0.14/秒","chain[rare:jumps=1 pct=40]","攻击力 +8；生命恢复 +0.14/秒；普攻命中后弹射 1 次，每次造成 攻击力 40% 的伤害"
1234,"不倦之眼",common,common,"不倦垫","攻击力 +8","攻击力 +8","","攻击力 +8"
1235,"火药手套",common,common,"火药垫","攻击力 +8","攻击力 +8","","攻击力 +8"
1236,"锯齿短刀",rare,rare,"开膛","攻击力 +8+最大生命 +90/mod205","攻击力 +8；最大生命 +90","armorBreak[rare:armor=2]","攻击力 +8；最大生命 +90；普攻使目标护甲 -2（持续 2 秒，可叠 3 层）"
1237,"基迪花粉袋",common,common,"授粉垫","攻击力 +8+最大生命 +90","攻击力 +8；最大生命 +90","","攻击力 +8；最大生命 +90"
1238,"咏咒之坠",common,common,"咏咒（攻击回蓝）","最大魔法 +45+攻击回蓝 +1","最大魔法 +45；攻击回蓝 +1","","最大魔法 +45；攻击回蓝 +1"
1239,"天游烙印",common,common,"烙印垫","攻击力 +8","攻击力 +8","","攻击力 +8"
1240,"蒲公英护符",common,common,"蒲公英垫","攻击力 +8","攻击力 +8","","攻击力 +8"
1241,"回响之笼",rare,rare,"回响","攻击力 +8+护甲 +6/mod211","攻击力 +8；护甲 +6","critEcho[rare:pct=30 radius=120]","攻击力 +8；护甲 +6；暴击时对目标 120 像素内敌人造成 30% 伤害"
1242,"巨人重锤",epic,epic,"重锤","暴击率 +12+暴击倍率 +225/mod236","暴击率 +12%；暴击倍率 225%","stunProc[epic:chance=18 dur=1]","暴击率 +12%；暴击倍率 225%；普攻有 18% 概率眩晕目标 1 秒"
1243,"变态上颚",common,common,"化蛹垫","护甲 +3.5","护甲 +3.5","","护甲 +3.5"
1244,"斯凯奥克神像",epic,epic,"闪避","闪避 +10/mod217","闪避 +10%","evadeCounter[epic:pct=150]","闪避 +10%；闪避成功后对攻击者造成 攻击力 150% 的伤害"
1245,"剥皮者之靴",common,common,"嗜血垫","攻击力 +8+攻击回复 +1","攻击力 +8；攻击回复 +1","","攻击力 +8；攻击回复 +1"
1246,"先知灵摆",common,common,"残留垫","攻击力 +8","攻击力 +8","","攻击力 +8"
1247,"附魔师之椟",common,common,"附魔","最大魔法 +45","最大魔法 +45","","最大魔法 +45"
1248,"咒术师触媒",common,common,"触媒垫","攻击力 +8","攻击力 +8","","攻击力 +8"
1249,"冥河黯灭",common,common,"黯灭垫","攻击力 +8+护甲 +3.5","攻击力 +8；护甲 +3.5","","攻击力 +8；护甲 +3.5"
1250,"网虫腿",common,common,"疾行","攻击距离 +50","攻击距离 +50","","攻击距离 +50"
1251,"冥灵书",common,common,"召唤垫","攻击力 +8","攻击力 +8","","攻击力 +8"
1252,"天崩",rare,rare,"天崩","攻击力 +8+生命恢复 +0.14/mod236","攻击力 +8；生命恢复 +0.14/秒","stunProc[rare:chance=10 dur=0.8]","攻击力 +8；生命恢复 +0.14/秒；普攻有 10% 概率眩晕目标 0.8 秒"
1253,"牛头人之角",epic,epic,"魔免","魔法抗性 +15+受伤减免 +-12/mod219","魔法抗性 +15%；受到的伤害 -12%（物理与法术都减）","nearDeath[epic:cd=45 dur=1.5]","魔法抗性 +15%；受到的伤害 -12%（物理与法术都减）；每 45 秒一次：生命低于 25% 时获得 1.5 秒无敌"
1254,"巫毒之刃",common,common,"巫毒垫","攻击力 +8","攻击力 +8","","攻击力 +8"
1255,"德尊血仪",common,common,"血仪","最大生命 +90","最大生命 +90","","最大生命 +90"
1256,"神圣圣衣",common,common,"圣衣","攻击力 +8","攻击力 +8","","攻击力 +8"
1257,"影墟棱晶",rare,rare,"棱晶","攻击力 +8+最大生命 +90/mod218","攻击力 +8；最大生命 +90","lowHpGuard[rare:threshold=35 pct=15]","攻击力 +8；最大生命 +90；生命低于 35% 时，受到的伤害降低 15%"
1258,"协和",common,common,"协和","生命恢复 +0.14","生命恢复 +0.14/秒","","生命恢复 +0.14/秒"
1259,"不朽之守护",rare,rare,"不朽","最大生命 +145+护甲 +6/mod220","最大生命 +145；护甲 +6","lastStand[rare:count=1]","最大生命 +145；护甲 +6；本局受到致命伤害时以 1 点生命存活（1 次）"
1267,"高远",rare,rare,"高远","攻击力 +10+攻击距离 +60/mod209","攻击力 +10；攻击距离 +60","execute[rare:threshold=15 mult=1.2]","攻击力 +10；攻击距离 +60；目标生命低于 15% 时，普攻伤害 ×1.2"
1268,"迅速",epic,epic,"迅速","攻击速度 +25/mod212","攻击速度 +25%","atkSpeedStack[epic:per=3 max=10]","攻击速度 +25%；普攻命中叠 1 层：攻击速度 +3%（上限 10 层，持续 3 秒）"
1269,"冒险",rare,rare,"冒险","攻击力 +10/mod201","攻击力 +10","hitPct[rare:pct=15]","攻击力 +10；普攻命中后追加 攻击力 15% 的魔法伤害"
1270,"神秘",common,common,"神秘","生命恢复 +0.14","生命恢复 +0.14/秒","","生命恢复 +0.14/秒"
1271,"警觉",common,common,"警觉垫","攻击力 +8","攻击力 +8","","攻击力 +8"
1272,"壮实",common,common,"壮实","最大生命 +90+生命恢复 +0.14","最大生命 +90；生命恢复 +0.14/秒","","最大生命 +90；生命恢复 +0.14/秒"
1273,"坚强",common,common,"坚强垫","攻击力 +8+护甲 +3.5","攻击力 +8；护甲 +3.5","","攻击力 +8；护甲 +3.5"
1274,"狂热",epic,epic,"狂热","攻击速度 +25/mod213","攻击速度 +25%","charge[epic:interval=6 mult=2.5]","攻击速度 +25%；每 6 秒，下一次普攻造成 2.5 倍伤害"
1275,"捷足",common,common,"捷足","攻击距离 +50","攻击距离 +50","","攻击距离 +50"
1276,"粗暴",common,common,"粗暴垫","攻击力 +8+最大生命 +90","攻击力 +8；最大生命 +90","","攻击力 +8；最大生命 +90"
1277,"无边",common,common,"无边","攻击力 +8+攻击距离 +40","攻击力 +8；攻击距离 +40","","攻击力 +8；攻击距离 +40"
1278,"睿智",rare,rare,"睿智","最大魔法 +60+魔法恢复 +0.14/mod232","最大魔法 +60；魔法恢复 +0.14/秒","killCdr[rare:value=0.5]","最大魔法 +60；魔法恢复 +0.14/秒；击杀敌人使所有技能冷却减少 0.5 秒"
1279,"永恒",rare,rare,"永恒","攻击力 +10/mod234","攻击力 +10","phaseBuff[rare:atkSpeed=4 max=5]","攻击力 +10；每进入新阶段：攻击速度 +4%（上限 5 层，本局永久）"
1280,"贪婪",legendary,legendary,"贪婪（经济）","攻击力 +27%+金币获取 +20+经验获取 +20+抽卡折扣 +35/mod228+mod229","攻击力 +27%；金币获取 +20%；经验获取 +20%；遗物抽取费用 -35%","killGold[legendary:value=4] + killExpFlat[legendary:exp=12]","攻击力 +27%；金币获取 +20%；经验获取 +20%；遗物抽取费用 -35%；每击杀 1 名敌人额外获得 4 金币；每击杀 1 名敌人额外获得 12 点经验"
1281,"吸血鬼",epic,epic,"吸血鬼","攻击力 +12%+吸血 +9+攻击速度 +25/mod226","攻击力 +12%；吸血 +9%；攻击速度 +25%","killHeal[epic:value=15]","攻击力 +12%；吸血 +9%；攻击速度 +25%；击杀敌人回复 15 点生命"
1282,"犀利",common,common,"犀利","生命恢复 +0.14+攻击距离 +30","生命恢复 +0.14/秒；攻击距离 +30","","生命恢复 +0.14/秒；攻击距离 +30"
1283,"进化",rare,rare,"进化","最大生命 +145+护甲 +6/mod233","最大生命 +145；护甲 +6","tickStackAtk[rare:interval=5 per=1 max=20]","最大生命 +145；护甲 +6；每 5 秒：攻击力 +1%（上限 20 层，本局永久）"
1284,"巨神",rare,rare,"巨神","攻击力 +10+护甲 +6/mod223","攻击力 +10；护甲 +6","takeStackAtk[rare:per=1 max=10]","攻击力 +10；护甲 +6；每次受到伤害：攻击力 +1%（上限 10 层，本局永久）"
1285,"凶猛",common,common,"凶猛垫","攻击力 +8+攻击距离 +30","攻击力 +8；攻击距离 +30","","攻击力 +8；攻击距离 +30"
1286,"主导",rare,rare,"主导","攻击力 +8+最大生命 +90/mod230","攻击力 +8；最大生命 +90","killStackAtk[rare:per=0.5 max=40]","攻击力 +8；最大生命 +90；每击杀 1 名敌人：攻击力 +0.5（上限 40，本局永久）"
1287,"恢复",rare,rare,"恢复","最大生命 +90+生命恢复 +0.14/mod225","最大生命 +90；生命恢复 +0.14/秒","regenTick[rare:interval=10 pct=2]","最大生命 +90；生命恢复 +0.14/秒；每 10 秒回复 2% 最大生命"
1288,"厚实",common,common,"厚实","最大生命 +90+护甲 +3.5","最大生命 +90；护甲 +3.5","","最大生命 +90；护甲 +3.5"
1289,"释放",epic,epic,"释放","攻击力 +12%+伤害输出 +12/mod232","攻击力 +12%；伤害输出 +12%","killCdr[epic:value=1]","攻击力 +12%；伤害输出 +12%；击杀敌人使所有技能冷却减少 1 秒"
1290,"活力",common,common,"活力","最大生命 +90+生命恢复 +0.14","最大生命 +90；生命恢复 +0.14/秒","","最大生命 +90；生命恢复 +0.14/秒"
1291,"笨重",common,common,"笨重垫","攻击力 +8+最大生命 +90","攻击力 +8；最大生命 +90","","攻击力 +8；最大生命 +90"
1292,"癫狂",epic,epic,"癫狂（代价：受到伤害 +10%）","攻击速度 +25+受伤减免 +10/mod201","攻击速度 +25%；受到的伤害 +10%","hitPct[epic:pct=30]","攻击速度 +25%；受到的伤害 +10%；普攻命中后追加 攻击力 30% 的魔法伤害"
1293,"轻快",common,common,"轻快","攻击距离 +50","攻击距离 +50","","攻击距离 +50"